Workbook
Name Срез_Годы: #N/A
Name Срез_Период: #N/A

Sheet Отчет2

Sheet Лист5
B1: февраль | C1: март | D1: апрель | E1: май | F1: июнь | G1: июль | H1: август | I1: сентябрь | J1: октябрь | K1: ноябрь | L1: декабрь | M1: 44197 | N1: 44228 | O1: 44256 | P1: 44287 | Q1: 44317 | R1: 44348 | S1: 44378 | T1: 44409 | U1: 44440 | V1: 44470 | W1: 44501 | X1: 44531 | Y1: 44562 | Z1: 44593 | AA1: 44621 | AB1: 44652 | AC1: 44682 | AD1: 44713 | AE1: 44743 | AF1: 44774 | AG1: 44805 | AH1: 44835 | AI1: 44866 | AJ1: 44896 | AK1: 44927 | AL1: 44958 | AM1: 44986 | AN1: 45017
A2: Восточный АО | B2: 186881.6 | C2: 189676.17 | D2: 193065.69 | E2: 193645.08 | F2: 193154.91 | G2: 193771.53 | H2: 196359.5 | I2: 201082.52 | J2: 207111.72 | K2: 213064 | L2: 217457.93 | M2: 222408.36 | N2: 224060 | O2: 229760.21 | P2: 231824.1 | Q2: 236146.75 | R2: 230983.15 | S2: 239462 | T2: 243817.9 | U2: 249485.84 | V2: 253346.33 | W2: 256232 | X2: 258976.4 | Y2: 267946.63 | Z2: 270974.11 | AA2: 278463.86 | AB2: 280226.02 | AC2: 275858.13 | AD2: 272522.22 | AE2: 269980.53 | AF2: 268038.25 | AG2: 266117.44 | AH2: 261889.19 | AI2: 258588.98 | AJ2: 258297.77 | AK2: 259332.92 | AL2: 259473.59 | AM2: 259217.51 | AN2: 260149.97
A3: Западный АО | B3: 250628.75 | C3: 253823.23 | D3: 271405.14 | E3: 262902.17 | F3: 258806.72 | G3: 259270.84 | H3: 261062.06 | I3: 267512.8 | J3: 274968.23 | K3: 284145.07 | L3: 285015.18 | M3: 288669.42 | N3: 290704 | O3: 294686.3 | P3: 299003.2 | Q3: 303562.77 | R3: 307644.75 | S3: 307365.88 | T3: 313986.36 | U3: 318405.33 | V3: 321496.05 | W3: 326170 | X3: 330302.86 | Y3: 340527.34 | Z3: 346948.19 | AA3: 363085.51 | AB3: 367420.53 | AC3: 359294.43 | AD3: 348500.66 | AE3: 343912.83 | AF3: 340004.23 | AG3: 336424.3 | AH3: 330306.84 | AI3: 326518.67 | AJ3: 324768.07 | AK3: 326279.83 | AL3: 322496.15 | AM3: 325831.63 | AN3: 326518.58
A4: Новомосковский | B4: 149719.02 | C4: 149130.45 | D4: 149242.49 | E4: 149825.18 | F4: 150412.72 | G4: 152758.77 | H4: 154507.02 | I4: 159503.02 | J4: 163550.63 | K4: 166987 | L4: 168456 | M4: 174893.75 | N4: 166469 | O4: 170101.71 | P4: 171331.38 | Q4: 185143.77 | R4: 185631.43 | S4: 189270 | T4: 190978.59 | U4: 191949.76 | V4: 199505.42 | W4: 204239.19 | X4: 207782.73 | Y4: 209952.13 | Z4: 212581.94 | AA4: 221724.67 | AB4: 224159.74 | AC4: 224950.52 | AD4: 223068.02 | AE4: 218829.21 | AF4: 217394.8 | AG4: 219142.34 | AH4: 218235.14 | AI4: 213383.54 | AJ4: 213351.93 | AK4: 214267.88 | AL4: 215088.57 | AM4: 216997.25 | AN4: 216056.47
A5: Северный АО | B5: 219881.54 | C5: 221727.09 | D5: 231120.58 | E5: 226815.92 | F5: 226938.58 | G5: 225564.81 | H5: 228416.83 | I5: 233369.73 | J5: 240481.15 | K5: 248660.82 | L5: 249103.21 | M5: 254214.56 | N5: 250175 | O5: 255178.5 | P5: 262834 | Q5: 270519.52 | R5: 271639.91 | S5: 279829.87 | T5: 285267.26 | U5: 288234.29 | V5: 290471.22 | W5: 293787 | X5: 298124.97 | Y5: 301307.6 | Z5: 306540.33 | AA5: 320968.52 | AB5: 327258.35 | AC5: 321220.19 | AD5: 314573.91 | AE5: 308423.62 | AF5: 308092.56 | AG5: 307037.09 | AH5: 301857.9 | AI5: 298853.76 | AJ5: 296416.33 | AK5: 296895.24 | AL5: 297406.95 | AM5: 298460.6 | AN5: 299938.94
A6: Северо-Восточный АО | B6: 195689.13 | C6: 199279.43 | D6: 203485.71 | E6: 204127.92 | F6: 204628.72 | G6: 205183.9 | H6: 208545.58 | I6: 212295.61 | J6: 218383.83 | K6: 224126.57 | L6: 227430 | M6: 233980.95 | N6: 227817 | O6: 230654 | P6: 232671 | Q6: 242760 | R6: 250087.88 | S6: 258704 | T6: 262066.97 | U6: 267543.33 | V6: 271461.21 | W6: 275176.25 | X6: 279581.37 | Y6: 283948.77 | Z6: 287890.36 | AA6: 296364.8 | AB6: 297827.46 | AC6: 293393.43 | AD6: 294060.66 | AE6: 288945.8 | AF6: 286930.18 | AG6: 285504.27 | AH6: 281794.2 | AI6: 278597.23 | AJ6: 275840.22 | AK6: 275615.1 | AL6: 276820.28 | AM6: 277437.93 | AN6: 277858.92
A7: Северо-Западный АО | B7: 211922.93 | C7: 214557.84 | D7: 223078.79 | E7: 219803.99 | F7: 216294.95 | G7: 216240.63 | H7: 218489.13 | I7: 223895.59 | J7: 232284.88 | K7: 240315.44 | L7: 248499.86 | M7: 252079.08 | N7: 249379 | O7: 256057.23 | P7: 259971.78 | Q7: 264259.31 | R7: 263638.93 | S7: 270586.86 | T7: 273464.64 | U7: 278765.99 | V7: 285228.91 | W7: 289711.73 | X7: 292388.13 | Y7: 301531.94 | Z7: 306505.33 | AA7: 317477.8 | AB7: 317865.33 | AC7: 314491.07 | AD7: 306747.45 | AE7: 302028.76 | AF7: 301502.59 | AG7: 299742.18 | AH7: 295218.11 | AI7: 290013.11 | AJ7: 289305.57 | AK7: 290651.05 | AL7: 289313.35 | AM7: 291927 | AN7: 294542.43
A8: Троицкий | B8: 107661.93 | C8: 109808.95 | D8: 110007.16 | E8: 114759.13 | F8: 119193.29 | G8: 118866.7 | H8: 122283.19 | I8: 124611.1 | J8: 129934.96 | K8: 129043 | L8: 129358 | M8: 129570.29 | N8: 130229 | O8: 132518.89 | P8: 139459.02 | Q8: 142362.59 | R8: 143498.27 | S8: 147506.88 | T8: 151436.45 | U8: 155868.5 | V8: 157390.6 | W8: 159785.94 | X8: 161645.54 | Y8: 170210.69 | Z8: 174859.57 | AA8: 179453.84 | AB8: 179428.28 | AC8: 177505.73 | AD8: 172695.16 | AE8: 173119.7 | AF8: 173425.58 | AG8: 172950.42 | AH8: 171117.59 | AI8: 169378.69 | AJ8: 166884.06 | AK8: 166417.4 | AL8: 167266.13 | AM8: 167153.24 | AN8: 169292.3
A9: Центральный АО | B9: 435844.16 | C9: 454712.74 | D9: 506845.23 | E9: 476637.96 | F9: 473423.36 | G9: 470411.85 | H9: 473782.6 | I9: 480526.84 | J9: 485369.4 | K9: 492923.84 | L9: 492266.95 | M9: 496551.37 | N9: 485358 | O9: 506384.35 | P9: 506551.61 | Q9: 517047.08 | R9: 523622.44 | S9: 537692.18 | T9: 542877.98 | U9: 543264.81 | V9: 542715.62 | W9: 555672.41 | X9: 556712.36 | Y9: 566412.42 | Z9: 581480.32 | AA9: 614649.66 | AB9: 611145.76 | AC9: 582476.16 | AD9: 561015.96 | AE9: 560227.79 | AF9: 556845.13 | AG9: 546331.83 | AH9: 540294.96 | AI9: 537600.67 | AJ9: 536836.11 | AK9: 538747.59 | AL9: 536305.76 | AM9: 536010.64 | AN9: 543077.45
A10: Юго-Восточный АО | B10: 177566.66 | C10: 178792.09 | D10: 179632.4 | E10: 180106.26 | F10: 180518.92 | G10: 181588.46 | H10: 183216.86 | I10: 187103.09 | J10: 193257.31 | K10: 198357.59 | L10: 204423.54 | M10: 207722.83 | N10: 208923 | O10: 214923.25 | P10: 214656 | Q10: 223160.26 | R10: 221907.46 | S10: 231525.02 | T10: 236217.44 | U10: 240456.28 | V10: 244291.87 | W10: 248434.7 | X10: 250776.5 | Y10: 257687.7 | Z10: 262051.62 | AA10: 270818.45 | AB10: 273327.72 | AC10: 270054.67 | AD10: 265723.44 | AE10: 263884.02 | AF10: 263479.18 | AG10: 262155.1 | AH10: 259166.25 | AI10: 255999.52 | AJ10: 253290.12 | AK10: 252980.29 | AL10: 252497.74 | AM10: 251723.64 | AN10: 253205.29
A11: Юго-Западный АО | B11: 219292.48 | C11: 220515.76 | D11: 225259.64 | E11: 224658.72 | F11: 223714.35 | G11: 224034.03 | H11: 225873.27 | I11: 231188.57 | J11: 238795.99 | K11: 242855.65 | L11: 251075.41 | M11: 252676.77 | N11: 251521 | O11: 257717.4 | P11: 263055.17 | Q11: 267496.64 | R11: 267714.09 | S11: 274500.02 | T11: 279971.03 | U11: 284425.1 | V11: 287414.24 | W11: 291686.34 | X11: 295671.38 | Y11: 301752.71 | Z11: 307307.37 | AA11: 320210.03 | AB11: 324283.56 | AC11: 318190.27 | AD11: 312344.65 | AE11: 309244.13 | AF11: 308834.38 | AG11: 306233.12 | AH11: 301531.72 | AI11: 299035.42 | AJ11: 296629.69 | AK11: 295773.72 | AL11: 294978.52 | AM11: 293915.58 | AN11: 295572.76
A12: Южный АО | B12: 194781.37 | C12: 196955.88 | D12: 198242.43 | E12: 198537.21 | F12: 197965.85 | G12: 198828.69 | H12: 201862.54 | I12: 206029.5 | J12: 213104.89 | K12: 220071.71 | L12: 224172.18 | M12: 229702.25 | N12: 227762 | O12: 235586.81 | P12: 240115.28 | Q12: 243481.25 | R12: 238147.17 | S12: 251078.99 | T12: 255337.31 | U12: 257160.38 | V12: 260881.01 | W12: 265469.07 | X12: 271211.71 | Y12: 276059.7 | Z12: 279253.83 | AA12: 289946.49 | AB12: 293908.63 | AC12: 290264.33 | AD12: 285898.24 | AE12: 283666.13 | AF12: 282502.13 | AG12: 283201.7 | AH12: 278112.62 | AI12: 274615.69 | AJ12: 272147.78 | AK12: 271771.28 | AL12: 271944.72 | AM12: 271339.63 | AN12: 271537.54
B15: кол-во
A16: Восточный АО | B16: 5111
A17: Западный АО | B17: 5624
A18: Зеленоградский АО | B18: 697
A19: Новомосковский | B19: 1776
A20: Северный АО | B20: 5135
A21: Северо-Восточный АО | B21: 4709
A22: Северо-Западный АО | B22: 3148
A23: Троицкий | B23: 632
A24: Центральный АО | B24: 6266
A25: Юго-Восточный АО | B25: 5061
A26: Юго-Западный АО | B26: 5388
A27: Южный АО | B27: 5270

Sheet Свод изменений
B1: Изменение объема относительно прошлого месяца
C2: Год | D2: Период | E2: Значения
C3: 2020 | Y3: 2021 | AW3: 2022 | BU3: 2023 | CS3: 2024 | DQ3: 2025
C4: фев | E4: мар | G4: апр | I4: май | K4: июн | M4: июл | O4: авг | Q4: сен | S4: окт | U4: ноя | W4: дек | Y4: янв | AA4: фев | AC4: мар | AE4: апр | AG4: май | AI4: июн | AK4: июл | AM4: авг | AO4: сен | AQ4: окт | AS4: ноя | AU4: дек | AW4: янв | AY4: фев | BA4: мар | BC4: апр | BE4: май | BG4: июн | BI4: июл | BK4: авг | BM4: сен | BO4: окт | BQ4: ноя | BS4: дек | BU4: янв | BW4: фев | BY4: мар | CA4: апр | CC4: май | CE4: июн | CG4: июл | CI4: авг | CK4: сен | CM4: окт | CO4: ноя | CQ4: дек | CS4: янв | CU4: фев | CW4: мар | CY4: апр | DA4: май | DC4: июн | DE4: июл | DG4: авг | DI4: сен | DK4: окт | DM4: ноя | DO4: дек | DQ4: янв | DS4: фев | DU4: мар | DW4: апр | DY4: май | EA4: июн | EC4: июл | EE4: авг
B5: Округ | C5: Объем | D5: Изм объема | E5: Объем | F5: Изм объема | G5: Объем | H5: Изм объема | I5: Объем | J5: Изм объема | K5: Объем | L5: Изм объема | M5: Объем | N5: Изм объема | O5: Объем | P5: Изм объема | Q5: Объем | R5: Изм объема | S5: Объем | T5: Изм объема | U5: Объем | V5: Изм объема | W5: Объем | X5: Изм объема | Y5: Объем | Z5: Изм объема | AA5: Объем | AB5: Изм объема | AC5: Объем | AD5: Изм объема | AE5: Объем | AF5: Изм объема | AG5: Объем | AH5: Изм объема | AI5: Объем | AJ5: Изм объема | AK5: Объем | AL5: Изм объема | AM5: Объем | AN5: Изм объема | AO5: Объем | AP5: Изм объема | AQ5: Объем | AR5: Изм объема | AS5: Объем | AT5: Изм объема | AU5: Объем | AV5: Изм объема | AW5: Объем | AX5: Изм объема | AY5: Объем | AZ5: Изм объема | BA5: Объем | BB5: Изм объема | BC5: Объем | BD5: Изм объема | BE5: Объем | BF5: Изм объема | BG5: Объем | BH5: Изм объема | BI5: Объем | BJ5: Изм объема | BK5: Объем | BL5: Изм объема | BM5: Объем | BN5: Изм объема | BO5: Объем | BP5: Изм объема | BQ5: Объем | BR5: Изм объема | BS5: Объем | BT5: Изм объема | BU5: Объем | BV5: Изм объема | BW5: Объем | BX5: Изм объема | BY5: Объем | BZ5: Изм объема | CA5: Объем | CB5: Изм объема | CC5: Объем | CD5: Изм объема | CE5: Объем | CF5: Изм объема | CG5: Объем | CH5: Изм объема | CI5: Объем | CJ5: Изм объема | CK5: Объем | CL5: Изм объема | CM5: Объем | CN5: Изм объема | CO5: Объем | CP5: Изм объема | CQ5: Объем | CR5: Изм объема | CS5: Объем | CT5: Изм объема | CU5: Объем | CV5: Изм объема | CW5: Объем | CX5: Изм объема | CY5: Объем | CZ5: Изм объема | DA5: Объем | DB5: Изм объема | DC5: Объем | DD5: Изм объема | DE5: Объем | DF5: Изм объема | DG5: Объем | DH5: Изм объема | DI5: Объем | DJ5: Изм объема | DK5: Объем | DL5: Изм объема | DM5: Объем | DN5: Изм объема | DO5: Объем | DP5: Изм объема | DQ5: Объем | DR5: Изм объема | DS5: Объем | DT5: Изм объема | DU5: Объем | DV5: Изм объема | DW5: Объем | DX5: Изм объема | DY5: Объем | DZ5: Изм объема | EA5: Объем | EB5: Изм объема | EC5: Объем | ED5: Изм объема | EE5: Объем | EF5: Изм объема
B6: Восточный | C6: 4978 | D6: 0 | E6: 4751 | F6: -0.045600643 | G6: 3184 | H6: -0.3298253 | I6: 3693 | J6: 0.15986181 | K6: 4359 | L6: 0.18034119 | M6: 4398 | N6: 0.0089470062 | O6: 4406 | P6: 0.0018190086 | Q6: 4412 | R6: 0.0013617794 | S6: 4141 | T6: -0.061423391 | U6: 3694 | V6: -0.10794494 | W6: 3285 | X6: -0.11072009 | Y6: 3195 | Z6: -0.02739726 | AA6: 3591 | AB6: 0.12394366 | AC6: 3899.49 | AD6: 0.085906433 | AE6: 3817 | AF6: -0.021154048 | AG6: 3810 | AH6: -0.001833901 | AI6: 4015 | AJ6: 0.053805774 | AK6: 3909 | AL6: -0.026400996 | AM6: 3911 | AN6: 0.00051163981 | AO6: 4049 | AP6: 0.035285093 | AQ6: 4337 | AR6: 0.071128674 | AS6: 4287 | AT6: -0.011528706 | AU6: 4143 | AV6: -0.033589923 | AW6: 3736 | AX6: -0.098237992 | AY6: 4066 | AZ6: 0.088329764 | BA6: 3814 | BB6: -0.061977373 | BC6: 3544 | BD6: -0.07079182 | BE6: 3839 | BF6: 0.083239278 | BG6: 4363 | BH6: 0.13649388 | BI6: 4660 | BJ6: 0.068072427 | BK6: 4854 | BL6: 0.041630901 | BM6: 5392 | BN6: 0.11083642 | BO6: 5520 | BP6: 0.023738872 | BQ6: 5411 | BR6: -0.019746377 | BS6: 5176 | BT6: -0.04343005 | BU6: 4868 | BV6: -0.05950541 | BW6: 5206 | BX6: 0.069433032 | BY6: 5434 | BZ6: 0.04379562 | CA6: 5111 | CB6: -0.059440559 | CC6: 4977 | CD6: -0.026217961 | CE6: 4803 | CF6: -0.03496082 | CG6: 4490 | CH6: -0.065167604 | CI6: 4217 | CJ6: -0.060801782 | CK6: 4035 | CL6: -0.043158644 | CM6: 3969 | CN6: -0.016356877 | CO6: 3959 | CP6: -0.0025195263 | CQ6: 3579 | CR6: -0.095983834 | CS6: 3611 | CT6: 0.008941045 | CU6: 4098 | CV6: 0.13486569 | CW6: 4345 | CX6: 0.060273304 | CY6: 4504 | CZ6: 0.036593786 | DA6: 4588 | DB6: 0.018650089 | DC6: 4665 | DD6: 0.016782912 | DE6: 4661 | DF6: -0.00085744909 | DG6: 4820 | DH6: 0.034112851 | DI6: 4873 | DJ6: 0.010995851 | DK6: 4960.52 | DL6: 0.017960189 | DM6: 4960 | DN6: -0.00010482772 | DO6: 4286 | DP6: -0.1358871 | DQ6: 3874 | DR6: -0.096126925 | DS6: 3995 | DT6: 0.031233867 | DU6: 4031 | DV6: 0.0090112641 | DW6: 3945 | DX6: -0.021334656 | DY6: 3937 | DZ6: -0.0020278834 | EA6: 3717 | EB6: -0.055880112 | EC6: 3894 | ED6: 0.047619048 | EE6: 3771 | EF6: -0.031587057
B7: Западный | C7: 6871 | D7: 0 | E7: 6539 | F7: -0.048319022 | G7: 4784 | H7: -0.26838966 | I7: 5340 | J7: 0.11622074 | K7: 5910 | L7: 0.10674157 | M7: 5846 | N7: -0.010829103 | O7: 5723 | P7: -0.021040027 | Q7: 5422 | R7: -0.052594793 | S7: 5134 | T7: -0.053116931 | U7: 4691 | V7: -0.086287495 | W7: 4250 | X7: -0.094009806 | Y7: 4300 | Z7: 0.011764706 | AA7: 4594 | AB7: 0.068372093 | AC7: 4920.16 | AD7: 0.070996953 | AE7: 4885 | AF7: -0.0071461091 | AG7: 4742 | AH7: -0.029273286 | AI7: 4716 | AJ7: -0.0054829186 | AK7: 4686 | AL7: -0.0063613232 | AM7: 4497 | AN7: -0.040332907 | AO7: 4608 | AP7: 0.024683122 | AQ7: 4784 | AR7: 0.038194444 | AS7: 4565 | AT7: -0.045777592 | AU7: 4438 | AV7: -0.027820372 | AW7: 4084 | AX7: -0.07976566 | AY7: 4474 | AZ7: 0.095494613 | BA7: 4342 | BB7: -0.0295038 | BC7: 3957 | BD7: -0.088668816 | BE7: 4248 | BF7: 0.073540561 | BG7: 4886 | BH7: 0.15018832 | BI7: 5282 | BJ7: 0.081047892 | BK7: 5343 | BL7: 0.011548656 | BM7: 5886 | BN7: 0.1016283 | BO7: 6034 | BP7: 0.02514441 | BQ7: 5864 | BR7: -0.028173682 | BS7: 5684 | BT7: -0.030695771 | BU7: 5442 | BV7: -0.042575651 | BW7: 5638 | BX7: 0.036016171 | BY7: 5901 | BZ7: 0.046647747 | CA7: 5624 | CB7: -0.046941196 | CC7: 5481 | CD7: -0.025426743 | CE7: 5316 | CF7: -0.030103996 | CG7: 4966 | CH7: -0.065838977 | CI7: 4721 | CJ7: -0.049335481 | CK7: 4516 | CL7: -0.043423004 | CM7: 4334 | CN7: -0.040301151 | CO7: 4372 | CP7: 0.0087678819 | CQ7: 4021 | CR7: -0.080283623 | CS7: 4015 | CT7: -0.0014921661 | CU7: 4441 | CV7: 0.10610212 | CW7: 4535 | CX7: 0.021166404 | CY7: 4636 | CZ7: 0.022271224 | DA7: 4632 | DB7: -0.00086281277 | DC7: 4673 | DD7: 0.008851468 | DE7: 4621 | DF7: -0.011127755 | DG7: 4673 | DH7: 0.011252976 | DI7: 4721 | DJ7: 0.010271774 | DK7: 4821.42 | DL7: 0.021270917 | DM7: 4833 | DN7: 0.002401782 | DO7: 4408 | DP7: -0.087937099 | DQ7: 4008 | DR7: -0.090744102 | DS7: 4055 | DT7: 0.011726547 | DU7: 4060 | DV7: 0.0012330456 | DW7: 4053 | DX7: -0.0017241379 | DY7: 4124 | DZ7: 0.017517888 | EA7: 3981 | EB7: -0.034675073 | EC7: 4124 | ED7: 0.035920623 | EE7: 4115 | EF7: -0.0021823472
B8: Новомосковский | C8: 904 | D8: 0 | E8: 820 | F8: -0.092920354 | G8: 619 | H8: -0.24512195 | I8: 725 | J8: 0.17124394 | K8: 835 | L8: 0.15172414 | M8: 734 | N8: -0.12095808 | O8: 686 | P8: -0.065395095 | Q8: 690 | R8: 0.0058309038 | S8: 667 | T8: -0.033333333 | U8: 555 | V8: -0.16791604 | W8: 402 | X8: -0.27567568 | Y8: 1004 | Z8: 1.4975124 | AA8: 1045 | AB8: 0.040836653 | AC8: 1120.05 | AD8: 0.071818182 | AE8: 1150 | AF8: 0.026739878 | AG8: 998 | AH8: -0.13217391 | AI8: 1045 | AJ8: 0.047094188 | AK8: 1083 | AL8: 0.036363636 | AM8: 1029 | AN8: -0.049861496 | AO8: 1036 | AP8: 0.0068027211 | AQ8: 1172 | AR8: 0.13127413 | AS8: 1255 | AT8: 0.070819113 | AU8: 1214 | AV8: -0.032669323 | AW8: 1018 | AX8: -0.16144975 | AY8: 1187 | AZ8: 0.16601179 | BA8: 1035 | BB8: -0.12805392 | BC8: 893 | BD8: -0.13719807 | BE8: 963 | BF8: 0.078387458 | BG8: 1088 | BH8: 0.1298027 | BI8: 1210 | BJ8: 0.11213235 | BK8: 1262 | BL8: 0.042975207 | BM8: 1442 | BN8: 0.14263074 | BO8: 1461 | BP8: 0.013176144 | BQ8: 1383 | BR8: -0.05338809 | BS8: 1450 | BT8: 0.048445409 | BU8: 1426 | BV8: -0.016551724 | BW8: 1521 | BX8: 0.066619916 | BY8: 1674 | BZ8: 0.10059172 | CA8: 1776 | CB8: 0.0609319 | CC8: 1781 | CD8: 0.0028153153 | CE8: 1846 | CF8: 0.03649635 | CG8: 1713 | CH8: -0.072047671 | CI8: 1650 | CJ8: -0.036777583 | CK8: 1548 | CL8: -0.061818182 | CM8: 1537 | CN8: -0.0071059432 | CO8: 1498 | CP8: -0.025374105 | CQ8: 1372 | CR8: -0.08411215 | CS8: 1330 | CT8: -0.030612245 | CU8: 1528 | CV8: 0.14887218 | CW8: 1552 | CX8: 0.015706806 | CY8: 1552 | CZ8: 0 | DA8: 1532 | DB8: -0.012886598 | DC8: 2308 | DD8: 0.50652742 | DE8: 3477 | DF8: 0.50649913 | DG8: 3926 | DH8: 0.12913431 | DI8: 3468 | DJ8: -0.11665818 | DK8: 3478.57 | DL8: 0.0030478662 | DM8: 3174 | DN8: -0.087556093 | DO8: 2419 | DP8: -0.2378702 | DQ8: 2007 | DR8: -0.17031831 | DS8: 2021 | DT8: 0.0069755855 | DU8: 1979 | DV8: -0.020781791 | DW8: 1946 | DX8: -0.016675088 | DY8: 1912 | DZ8: -0.017471737 | EA8: 1678 | EB8: -0.12238494 | EC8: 1473 | ED8: -0.12216925 | EE8: 1327 | EF8: -0.099117447
B9: Северный | C9: 5244 | D9: 0 | E9: 5076 | F9: -0.032036613 | G9: 3608 | H9: -0.2892041 | I9: 4110 | J9: 0.13913525 | K9: 4639 | L9: 0.12871046 | M9: 4557 | N9: -0.017676223 | O9: 4338 | P9: -0.048057933 | Q9: 4169 | R9: -0.038958045 | S9: 3988 | T9: -0.043415687 | U9: 3591 | V9: -0.099548646 | W9: 3271 | X9: -0.089111668 | Y9: 3263 | Z9: -0.0024457352 | AA9: 3674 | AB9: 0.12595771 | AC9: 3931.1 | AD9: 0.069978225 | AE9: 3958 | AF9: 0.0068428684 | AG9: 3991 | AH9: 0.0083375442 | AI9: 3984 | AJ9: -0.0017539464 | AK9: 3998 | AL9: 0.0035140562 | AM9: 3932 | AN9: -0.016508254 | AO9: 4049.96 | AP9: 0.03 | AQ9: 3949 | AR9: -0.024928641 | AS9: 3838 | AT9: -0.028108382 | AU9: 3729 | AV9: -0.028400208 | AW9: 3454 | AX9: -0.073746313 | AY9: 3790 | AZ9: 0.097278518 | BA9: 3672 | BB9: -0.031134565 | BC9: 3319 | BD9: -0.096132898 | BE9: 3715 | BF9: 0.11931305 | BG9: 4146 | BH9: 0.11601615 | BI9: 4412 | BJ9: 0.064158225 | BK9: 4509 | BL9: 0.021985494 | BM9: 4984 | BN9: 0.10534487 | BO9: 5141 | BP9: 0.031500803 | BQ9: 5135 | BR9: -0.0011670881 | BS9: 5116 | BT9: -0.0037000974 | BU9: 5001 | BV9: -0.022478499 | BW9: 5188 | BX9: 0.037392521 | BY9: 5408 | BZ9: 0.042405551 | CA9: 5135 | CB9: -0.050480769 | CC9: 4966 | CD9: -0.032911392 | CE9: 4837 | CF9: -0.025976641 | CG9: 4496 | CH9: -0.070498243 | CI9: 4167 | CJ9: -0.073176157 | CK9: 3942 | CL9: -0.05399568 | CM9: 3857 | CN9: -0.021562659 | CO9: 3813 | CP9: -0.01140783 | CQ9: 3514 | CR9: -0.078415945 | CS9: 3513 | CT9: -0.00028457598 | CU9: 4039 | CV9: 0.14972958 | CW9: 4273 | CX9: 0.057935132 | CY9: 4324 | CZ9: 0.011935408 | DA9: 4222 | DB9: -0.023589269 | DC9: 4288 | DD9: 0.015632402 | DE9: 4257 | DF9: -0.0072294776 | DG9: 4213 | DH9: -0.010335917 | DI9: 4308 | DJ9: 0.022549252 | DK9: 4441.57 | DL9: 0.031005107 | DM9: 4324 | DN9: -0.02647037 | DO9: 3836 | DP9: -0.11285846 | DQ9: 3469 | DR9: -0.095672576 | DS9: 3577 | DT9: 0.031132891 | DU9: 3676 | DV9: 0.027676824 | DW9: 3600 | DX9: -0.020674646 | DY9: 3642 | DZ9: 0.011666667 | EA9: 3479 | EB9: -0.044755629 | EC9: 3606 | ED9: 0.036504743 | EE9: 3596 | EF9: -0.0027731559
B10: Северо-Восточный | C10: 5331 | D10: 0 | E10: 5014 | F10: -0.059463515 | G10: 3381 | H10: -0.32568807 | I10: 3845 | J10: 0.1372375 | K10: 4374 | L10: 0.13758127 | M10: 4320 | N10: -0.012345679 | O10: 4320 | P10: 0 | Q10: 4126 | R10: -0.044907407 | S10: 3863 | T10: -0.063742123 | U10: 3504 | V10: -0.092932954 | W10: 3212 | X10: -0.083333333 | Y10: 3218 | Z10: 0.001867995 | AA10: 3538 | AB10: 0.099440646 | AC10: 3772.45 | AD10: 0.066266252 | AE10: 3777 | AF10: 0.0012061127 | AG10: 3734 | AH10: -0.011384697 | AI10: 3643 | AJ10: -0.024370648 | AK10: 3669 | AL10: 0.007136975 | AM10: 3694 | AN10: 0.0068138457 | AO10: 3908 | AP10: 0.057931781 | AQ10: 4163 | AR10: 0.065250768 | AS10: 3956 | AT10: -0.049723757 | AU10: 3794 | AV10: -0.040950455 | AW10: 3524 | AX10: -0.071164997 | AY10: 3808 | AZ10: 0.080590238 | BA10: 3632 | BB10: -0.046218487 | BC10: 3131 | BD10: -0.13794053 | BE10: 3500 | BF10: 0.11785372 | BG10: 4008 | BH10: 0.14514286 | BI10: 4259 | BJ10: 0.06262475 | BK10: 4356 | BL10: 0.022775299 | BM10: 4848 | BN10: 0.11294766 | BO10: 5071 | BP10: 0.04599835 | BQ10: 4985 | BR10: -0.01695918 | BS10: 4728 | BT10: -0.051554664 | BU10: 4540 | BV10: -0.039763113 | BW10: 4691 | BX10: 0.033259912 | BY10: 5008 | BZ10: 0.06757621 | CA10: 4709 | CB10: -0.059704473 | CC10: 4642 | CD10: -0.014228074 | CE10: 4484 | CF10: -0.034037053 | CG10: 4116 | CH10: -0.082069581 | CI10: 3883 | CJ10: -0.056608358 | CK10: 3659 | CL10: -0.057687355 | CM10: 3624 | CN10: -0.009565455 | CO10: 3725 | CP10: 0.027869757 | CQ10: 3379 | CR10: -0.092885906 | CS10: 3468 | CT10: 0.026339154 | CU10: 3779 | CV10: 0.089677047 | CW10: 3891 | CX10: 0.02963747 | CY10: 3960 | CZ10: 0.017733231 | DA10: 3978 | DB10: 0.0045454545 | DC10: 4056 | DD10: 0.019607843 | DE10: 3997 | DF10: -0.014546351 | DG10: 4129 | DH10: 0.033024769 | DI10: 4236 | DJ10: 0.025914265 | DK10: 4393.42 | DL10: 0.037162417 | DM10: 4381 | DN10: -0.0028269549 | DO10: 3781 | DP10: -0.13695503 | DQ10: 3397 | DR10: -0.10156043 | DS10: 3476 | DT10: 0.023255814 | DU10: 3467 | DV10: -0.002589183 | DW10: 3406 | DX10: -0.017594462 | DY10: 3420 | DZ10: 0.0041103934 | EA10: 3280 | EB10: -0.040935673 | EC10: 3406 | ED10: 0.038414634 | EE10: 3408 | EF10: 0.00058719906
B11: Северо-Западный | C11: 3139 | D11: 0 | E11: 3084 | F11: -0.017521504 | G11: 2134 | H11: -0.3080415 | I11: 2384 | J11: 0.11715089 | K11: 2802 | L11: 0.17533557 | M11: 2834 | N11: 0.011420414 | O11: 2681 | P11: -0.053987297 | Q11: 2541 | R11: -0.052219321 | S11: 2408 | T11: -0.052341598 | U11: 2275 | V11: -0.055232558 | W11: 2059 | X11: -0.094945055 | Y11: 2011 | Z11: -0.023312288 | AA11: 2316 | AB11: 0.15166584 | AC11: 2399.7 | AD11: 0.036139896 | AE11: 2340 | AF11: -0.02487811 | AG11: 2330 | AH11: -0.0042735043 | AI11: 2457 | AJ11: 0.054506438 | AK11: 2411 | AL11: -0.018722019 | AM11: 2442 | AN11: 0.012857735 | AO11: 2514 | AP11: 0.029484029 | AQ11: 2540 | AR11: 0.010342084 | AS11: 2434 | AT11: -0.041732283 | AU11: 2334 | AV11: -0.041084634 | AW11: 2076 | AX11: -0.11053985 | AY11: 2350 | AZ11: 0.13198459 | BA11: 2221 | BB11: -0.054893617 | BC11: 2045 | BD11: -0.079243584 | BE11: 2324 | BF11: 0.13643032 | BG11: 2578 | BH11: 0.10929432 | BI11: 2799 | BJ11: 0.085725369 | BK11: 2901 | BL11: 0.036441586 | BM11: 3264 | BN11: 0.12512927 | BO11: 3390 | BP11: 0.038602941 | BQ11: 3374 | BR11: -0.004719764 | BS11: 3261 | BT11: -0.033491405 | BU11: 3060 | BV11: -0.061637534 | BW11: 3207 | BX11: 0.048039216 | BY11: 3337 | BZ11: 0.040536327 | CA11: 3148 | CB11: -0.056637699 | CC11: 2995 | CD11: -0.048602287 | CE11: 2857 | CF11: -0.046076795 | CG11: 2689 | CH11: -0.05880294 | CI11: 2507 | CJ11: -0.067683154 | CK11: 2374 | CL11: -0.053051456 | CM11: 2255 | CN11: -0.050126369 | CO11: 2403 | CP11: 0.065631929 | CQ11: 2227 | CR11: -0.073241781 | CS11: 2268 | CT11: 0.018410418 | CU11: 2574 | CV11: 0.13492063 | CW11: 2758 | CX11: 0.071484071 | CY11: 2807 | CZ11: 0.017766497 | DA11: 2760 | DB11: -0.016743855 | DC11: 2845 | DD11: 0.030797101 | DE11: 2823 | DF11: -0.0077328647 | DG11: 2777 | DH11: -0.016294722 | DI11: 2881 | DJ11: 0.037450486 | DK11: 2996 | DL11: 0.039916696 | DM11: 2898 | DN11: -0.03271028 | DO11: 2615 | DP11: -0.097653554 | DQ11: 2373 | DR11: -0.092543021 | DS11: 2462 | DT11: 0.037505268 | DU11: 2467 | DV11: 0.0020308692 | DW11: 2420 | DX11: -0.01905148 | DY11: 2404 | DZ11: -0.0066115702 | EA11: 2190 | EB11: -0.089018303 | EC11: 2255 | ED11: 0.029680365 | EE11: 2270 | EF11: 0.0066518847
B12: Троицкий | C12: 183 | D12: 0 | E12: 152 | F12: -0.16939891 | G12: 101 | H12: -0.33552632 | I12: 108 | J12: 0.069306931 | K12: 133 | L12: 0.23148148 | M12: 153 | N12: 0.15037594 | O12: 155 | P12: 0.013071895 | Q12: 152 | R12: -0.019354839 | S12: 143 | T12: -0.059210526 | U12: 128 | V12: -0.1048951 | W12: 0 | X12: 0 | Y12: 366 | Z12: 0 | AA12: 395 | AB12: 0.079234973 | AC12: 413.25 | AD12: 0.046202532 | AE12: 422 | AF12: 0.021173624 | AG12: 473 | AH12: 0.12085308 | AI12: 490 | AJ12: 0.035940803 | AK12: 480 | AL12: -0.020408163 | AM12: 477 | AN12: -0.00625 | AO12: 528 | AP12: 0.10691824 | AQ12: 530 | AR12: 0.0037878788 | AS12: 476 | AT12: -0.10188679 | AU12: 465 | AV12: -0.023109244 | AW12: 435 | AX12: -0.064516129 | AY12: 462 | AZ12: 0.062068966 | BA12: 491 | BB12: 0.062770563 | BC12: 430 | BD12: -0.12423625 | BE12: 505 | BF12: 0.1744186 | BG12: 558 | BH12: 0.1049505 | BI12: 597 | BJ12: 0.069892473 | BK12: 613 | BL12: 0.02680067 | BM12: 649 | BN12: 0.058727569 | BO12: 653 | BP12: 0.0061633282 | BQ12: 652 | BR12: -0.0015313936 | BS12: 632 | BT12: -0.030674847 | BU12: 590 | BV12: -0.066455696 | BW12: 639 | BX12: 0.083050847 | BY12: 677 | BZ12: 0.059467919 | CA12: 632 | CB12: -0.066469719 | CC12: 641 | CD12: 0.014240506 | CE12: 616 | CF12: -0.03900156 | CG12: 600 | CH12: -0.025974026 | CI12: 611 | CJ12: 0.018333333 | CK12: 579 | CL12: -0.052373159 | CM12: 560 | CN12: -0.032815199 | CO12: 574 | CP12: 0.025 | CQ12: 531 | CR12: -0.074912892 | CS12: 543 | CT12: 0.02259887 | CU12: 597 | CV12: 0.099447514 | CW12: 626 | CX12: 0.048576214 | CY12: 600 | CZ12: -0.041533546 | DA12: 567 | DB12: -0.055 | DC12: 584 | DD12: 0.029982363 | DE12: 720 | DF12: 0.23287671 | DG12: 802 | DH12: 0.11388889 | DI12: 783 | DJ12: -0.023690773 | DK12: 761.84 | DL12: -0.027024266 | DM12: 765 | DN12: 0.0041478526 | DO12: 642 | DP12: -0.16078431 | DQ12: 598 | DR12: -0.068535826 | DS12: 590 | DT12: -0.013377926 | DU12: 587 | DV12: -0.0050847458 | DW12: 578 | DX12: -0.015332198 | DY12: 587 | DZ12: 0.015570934 | EA12: 543 | EB12: -0.074957411 | EC12: 571 | ED12: 0.051565378 | EE12: 545 | EF12: -0.045534151
B13: Центральный | C13: 8180 | D13: 0 | E13: 8128 | F13: -0.0063569682 | G13: 7125 | H13: -0.12340059 | I13: 7471 | J13: 0.048561404 | K13: 7449 | L13: -0.0029447196 | M13: 7266 | N13: -0.024567056 | O13: 7104 | P13: -0.022295623 | Q13: 7049 | R13: -0.0077421171 | S13: 6784 | T13: -0.037593985 | U13: 6356 | V13: -0.063089623 | W13: 6021 | X13: -0.052706104 | Y13: 5911 | Z13: -0.01826939 | AA13: 6167 | AB13: 0.043309085 | AC13: 6806.7 | AD13: 0.10372953 | AE13: 6750 | AF13: -0.0083300278 | AG13: 6427 | AH13: -0.047851852 | AI13: 6281 | AJ13: -0.022716664 | AK13: 6230 | AL13: -0.0081197262 | AM13: 5895 | AN13: -0.053772071 | AO13: 6071.85 | AP13: 0.03 | AQ13: 5722 | AR13: -0.057618354 | AS13: 5276 | AT13: -0.077944775 | AU13: 5051 | AV13: -0.042645944 | AW13: 4645 | AX13: -0.080380123 | AY13: 4969 | AZ13: 0.069752422 | BA13: 4989 | BB13: 0.0040249547 | BC13: 4684 | BD13: -0.061134496 | BE13: 5078 | BF13: 0.08411614 | BG13: 5504 | BH13: 0.083891296 | BI13: 5763 | BJ13: 0.047056686 | BK13: 5700 | BL13: -0.010931806 | BM13: 6098 | BN13: 0.069824561 | BO13: 6450 | BP13: 0.057723844 | BQ13: 6518 | BR13: 0.010542636 | BS13: 6326 | BT13: -0.029456889 | BU13: 6012 | BV13: -0.049636421 | BW13: 6277 | BX13: 0.04407851 | BY13: 6617 | BZ13: 0.054166003 | CA13: 6266 | CB13: -0.053045187 | CC13: 6052 | CD13: -0.034152569 | CE13: 5945 | CF13: -0.017680106 | CG13: 5708 | CH13: -0.039865433 | CI13: 5480 | CJ13: -0.039943938 | CK13: 5223 | CL13: -0.04689781 | CM13: 5134 | CN13: -0.017040015 | CO13: 5021 | CP13: -0.022010129 | CQ13: 4644 | CR13: -0.075084644 | CS13: 4523 | CT13: -0.026055125 | CU13: 4969 | CV13: 0.098607119 | CW13: 5057 | CX13: 0.017709801 | CY13: 5086 | CZ13: 0.0057346253 | DA13: 4908 | DB13: -0.034998034 | DC13: 5056 | DD13: 0.030154849 | DE13: 5069 | DF13: 0.0025712025 | DG13: 5117 | DH13: 0.0094693233 | DI13: 5198 | DJ13: 0.015829588 | DK13: 5519.06 | DL13: 0.061766064 | DM13: 5599 | DN13: 0.014484351 | DO13: 5113 | DP13: -0.086801215 | DQ13: 4645 | DR13: -0.091531391 | DS13: 4680 | DT13: 0.0075349839 | DU13: 4783 | DV13: 0.022008547 | DW13: 4702 | DX13: -0.016934978 | DY13: 4706 | DZ13: 0.00085070183 | EA13: 4414 | EB13: -0.062048449 | EC13: 4498 | ED13: 0.019030358 | EE13: 4466 | EF13: -0.007114273
B14: Юго-Восточный | C14: 5183 | D14: 0 | E14: 5066 | F14: -0.022573799 | G14: 3358 | H14: -0.33714962 | I14: 3793 | J14: 0.12954139 | K14: 4640 | L14: 0.22330609 | M14: 4622 | N14: -0.0038793103 | O14: 4602 | P14: -0.0043271311 | Q14: 4600 | R14: -0.00043459365 | S14: 4215 | T14: -0.083695652 | U14: 3865 | V14: -0.083036773 | W14: 3549 | X14: -0.081759379 | Y14: 3518 | Z14: -0.0087348549 | AA14: 3842 | AB14: 0.092097783 | AC14: 4237.52 | AD14: 0.10294638 | AE14: 4121 | AF14: -0.027497215 | AG14: 4149 | AH14: 0.0067944674 | AI14: 4061 | AJ14: -0.02120993 | AK14: 4012 | AL14: -0.012065994 | AM14: 3774 | AN14: -0.059322034 | AO14: 3827 | AP14: 0.014043455 | AQ14: 4050 | AR14: 0.058270186 | AS14: 3936 | AT14: -0.028148148 | AU14: 3787 | AV14: -0.037855691 | AW14: 3421 | AX14: -0.096646422 | AY14: 3763 | AZ14: 0.099970769 | BA14: 3548 | BB14: -0.057135264 | BC14: 3190 | BD14: -0.10090192 | BE14: 3566 | BF14: 0.11786834 | BG14: 4048 | BH14: 0.13516545 | BI14: 4381 | BJ14: 0.082262846 | BK14: 4489 | BL14: 0.024651906 | BM14: 4962 | BN14: 0.10536868 | BO14: 5129 | BP14: 0.033655784 | BQ14: 5121 | BR14: -0.0015597582 | BS14: 4901 | BT14: -0.042960359 | BU14: 4681 | BV14: -0.044888798 | BW14: 5084 | BX14: 0.086092715 | BY14: 5343 | BZ14: 0.050944138 | CA14: 5061 | CB14: -0.052779337 | CC14: 5004 | CD14: -0.011262596 | CE14: 4873 | CF14: -0.026179057 | CG14: 4668 | CH14: -0.042068541 | CI14: 4454 | CJ14: -0.045844045 | CK14: 4111 | CL14: -0.07700943 | CM14: 3868 | CN14: -0.059109706 | CO14: 3932 | CP14: 0.016546019 | CQ14: 3549 | CR14: -0.0974059 | CS14: 3507 | CT14: -0.01183432 | CU14: 3955 | CV14: 0.12774451 | CW14: 4108 | CX14: 0.038685209 | CY14: 4256 | CZ14: 0.036027264 | DA14: 4282 | DB14: 0.0061090226 | DC14: 4308 | DD14: 0.006071929 | DE14: 4403 | DF14: 0.022051996 | DG14: 4341 | DH14: -0.014081308 | DI14: 4512 | DJ14: 0.039391845 | DK14: 4558.2 | DL14: 0.010239362 | DM14: 4512 | DN14: -0.01013558 | DO14: 3871 | DP14: -0.1420656 | DQ14: 3480 | DR14: -0.10100749 | DS14: 3564 | DT14: 0.024137931 | DU14: 3757 | DV14: 0.054152637 | DW14: 3640 | DX14: -0.031141869 | DY14: 3673 | DZ14: 0.0090659341 | EA14: 3446 | EB14: -0.061802341 | EC14: 3544 | ED14: 0.02843877 | EE14: 3588 | EF14: 0.01241535
B15: Юго-Западный | C15: 5809 | D15: 0 | E15: 5714 | F15: -0.016353934 | G15: 3932 | H15: -0.31186559 | I15: 4502 | J15: 0.14496439 | K15: 5189 | L15: 0.15259884 | M15: 5336 | N15: 0.028329158 | O15: 5215 | P15: -0.022676162 | Q15: 4872 | R15: -0.065771812 | S15: 4439 | T15: -0.088875205 | U15: 4055 | V15: -0.08650597 | W15: 3613 | X15: -0.10900123 | Y15: 3637 | Z15: 0.0066426792 | AA15: 4153 | AB15: 0.14187517 | AC15: 4542.12 | AD15: 0.093696123 | AE15: 4442 | AF15: -0.02204257 | AG15: 4379 | AH15: -0.014182801 | AI15: 4293 | AJ15: -0.019639187 | AK15: 4190 | AL15: -0.023992546 | AM15: 3973 | AN15: -0.051789976 | AO15: 4204 | AP15: 0.058142462 | AQ15: 4348 | AR15: 0.034253092 | AS15: 4211 | AT15: -0.03150874 | AU15: 4120 | AV15: -0.021610069 | AW15: 3707 | AX15: -0.10024272 | AY15: 3960 | AZ15: 0.068249258 | BA15: 3645 | BB15: -0.079545455 | BC15: 3243 | BD15: -0.11028807 | BE15: 3657 | BF15: 0.12765957 | BG15: 4314 | BH15: 0.17965546 | BI15: 4756 | BJ15: 0.10245712 | BK15: 4923 | BL15: 0.035113541 | BM15: 5460 | BN15: 0.10907983 | BO15: 5771 | BP15: 0.056959707 | BQ15: 5673 | BR15: -0.016981459 | BS15: 5370 | BT15: -0.053410894 | BU15: 5119 | BV15: -0.046741155 | BW15: 5405 | BX15: 0.055870287 | BY15: 5717 | BZ15: 0.057724329 | CA15: 5388 | CB15: -0.057547665 | CC15: 5285 | CD15: -0.019116555 | CE15: 5051 | CF15: -0.044276254 | CG15: 4622 | CH15: -0.084933676 | CI15: 4380 | CJ15: -0.052358286 | CK15: 4094 | CL15: -0.065296804 | CM15: 3999 | CN15: -0.02320469 | CO15: 4053 | CP15: 0.013503376 | CQ15: 3755 | CR15: -0.073525783 | CS15: 3732 | CT15: -0.0061251664 | CU15: 4250 | CV15: 0.13879957 | CW15: 4542 | CX15: 0.068705882 | CY15: 4679 | CZ15: 0.030162924 | DA15: 4600 | DB15: -0.01688395 | DC15: 4675 | DD15: 0.016304348 | DE15: 4690 | DF15: 0.0032085561 | DG15: 4759 | DH15: 0.014712154 | DI15: 4950 | DJ15: 0.040134482 | DK15: 5019.37 | DL15: 0.014014141 | DM15: 4879 | DN15: -0.027965661 | DO15: 4313 | DP15: -0.11600738 | DQ15: 3764 | DR15: -0.12728959 | DS15: 4001 | DT15: 0.062964931 | DU15: 4041 | DV15: 0.0099975006 | DW15: 3947 | DX15: -0.023261569 | DY15: 4015 | DZ15: 0.017228275 | EA15: 3693 | EB15: -0.080199253 | EC15: 3867 | ED15: 0.047116166 | EE15: 3801 | EF15: -0.017067494
B16: Южный | C16: 5316 | D16: 0 | E16: 5279 | F16: -0.0069601204 | G16: 3709 | H16: -0.29740481 | I16: 4080 | J16: 0.10002696 | K16: 4808 | L16: 0.17843137 | M16: 4750 | N16: -0.012063228 | O16: 4644 | P16: -0.022315789 | Q16: 4584 | R16: -0.012919897 | S16: 4262 | T16: -0.070244328 | U16: 3817 | V16: -0.10441107 | W16: 3383 | X16: -0.11370186 | Y16: 3273 | Z16: -0.032515519 | AA16: 3613 | AB16: 0.10388023 | AC16: 4056.3 | AD16: 0.12269582 | AE16: 4012 | AF16: -0.010921283 | AG16: 4106 | AH16: 0.023429711 | AI16: 4265 | AJ16: 0.038723819 | AK16: 4278 | AL16: 0.0030480657 | AM16: 4053 | AN16: -0.05259467 | AO16: 4134.06 | AP16: 0.02 | AQ16: 4258 | AR16: 0.029980213 | AS16: 3965 | AT16: -0.068811649 | AU16: 3864 | AV16: -0.025472888 | AW16: 3497 | AX16: -0.094979296 | AY16: 4004 | AZ16: 0.14498141 | BA16: 3818 | BB16: -0.046453546 | BC16: 3297 | BD16: -0.13645888 | BE16: 3710 | BF16: 0.12526539 | BG16: 4269 | BH16: 0.15067385 | BI16: 4581 | BJ16: 0.073085032 | BK16: 4833 | BL16: 0.055009823 | BM16: 5354 | BN16: 0.10780054 | BO16: 5459 | BP16: 0.019611505 | BQ16: 5331 | BR16: -0.023447518 | BS16: 5019 | BT16: -0.058525605 | BU16: 4865 | BV16: -0.030683403 | BW16: 5112 | BX16: 0.050770812 | BY16: 5483 | BZ16: 0.072574335 | CA16: 5270 | CB16: -0.038847346 | CC16: 5150 | CD16: -0.022770398 | CE16: 4985 | CF16: -0.032038835 | CG16: 4632 | CH16: -0.070812437 | CI16: 4444 | CJ16: -0.040587219 | CK16: 4067 | CL16: -0.084833483 | CM16: 3960 | CN16: -0.026309319 | CO16: 4057 | CP16: 0.024494949 | CQ16: 3797 | CR16: -0.064086764 | CS16: 3757 | CT16: -0.010534633 | CU16: 4116 | CV16: 0.095554964 | CW16: 4422 | CX16: 0.074344023 | CY16: 4493 | CZ16: 0.016056083 | DA16: 4523 | DB16: 0.0066770532 | DC16: 4688 | DD16: 0.036480212 | DE16: 4627 | DF16: -0.013011945 | DG16: 4629 | DH16: 0.00043224552 | DI16: 4753 | DJ16: 0.026787643 | DK16: 4916.65 | DL16: 0.034430886 | DM16: 4773 | DN16: -0.029217048 | DO16: 4238 | DP16: -0.11208883 | DQ16: 3835 | DR16: -0.095092025 | DS16: 4035 | DT16: 0.052151239 | DU16: 3996 | DV16: -0.0096654275 | DW16: 3898 | DX16: -0.024524525 | DY16: 3987 | DZ16: 0.022832222 | EA16: 3796 | EB16: -0.047905694 | EC16: 3939 | ED16: 0.037671233 | EE16: 3865 | EF16: -0.018786494
B17: Зеленоградский АО | C17: 0 | D17: 0 | E17: 0 | F17: 0 | G17: 0 | H17: 0 | I17: 0 | J17: 0 | K17: 0 | L17: 0 | M17: 0 | N17: 0 | O17: 0 | P17: 0 | Q17: 0 | R17: 0 | S17: 0 | T17: 0 | U17: 0 | V17: 0 | W17: 0 | X17: 0 | Y17: 0 | Z17: 0 | AA17: 0 | AB17: 0 | AC17: 0 | AD17: 0 | AE17: 0 | AF17: 0 | AG17: 0 | AH17: 0 | AI17: 0 | AJ17: 0 | AK17: 0 | AL17: 0 | AM17: 0 | AN17: 0 | AO17: 442 | AP17: 0 | AQ17: 467 | AR17: 0.056561086 | AS17: 455 | AT17: -0.025695931 | AU17: 0 | AV17: -1 | AW17: 458 | AX17: 0 | AY17: 518 | AZ17: 0.13100437 | BA17: 542 | BB17: 0.046332046 | BC17: 494 | BD17: -0.088560886 | BE17: 501 | BF17: 0.01417004 | BG17: 605 | BH17: 0.20758483 | BI17: 664 | BJ17: 0.097520661 | BK17: 703 | BL17: 0.05873494 | BM17: 752 | BN17: 0.06970128 | BO17: 772 | BP17: 0.026595745 | BQ17: 739 | BR17: -0.042746114 | BS17: 691 | BT17: -0.064952639 | BU17: 686 | BV17: -0.00723589 | BW17: 737 | BX17: 0.074344023 | BY17: 755 | BZ17: 0.024423338 | CA17: 697 | CB17: -0.076821192 | CC17: 686 | CD17: -0.015781923 | CE17: 639 | CF17: -0.06851312 | CG17: 580 | CH17: -0.092331768 | CI17: 536 | CJ17: -0.075862069 | CK17: 484 | CL17: -0.097014925 | CM17: 455 | CN17: -0.059917355 | CO17: 458 | CP17: 0.0065934066 | CQ17: 431 | CR17: -0.058951965 | CS17: 455 | CT17: 0.055684455 | CU17: 501 | CV17: 0.1010989 | CW17: 586 | CX17: 0.16966068 | CY17: 566 | CZ17: -0.034129693 | DA17: 599 | DB17: 0.058303887 | DC17: 605 | DD17: 0.010016694 | DE17: 575 | DF17: -0.049586777 | DG17: 585 | DH17: 0.017391304 | DI17: 614 | DJ17: 0.04957265 | DK17: 636.65 | DL17: 0.036889251 | DM17: 683 | DN17: 0.072802953 | DO17: 583 | DP17: -0.14641288 | DQ17: 538 | DR17: -0.077186964 | DS17: 566 | DT17: 0.05204461 | DU17: 593 | DV17: 0.04770318 | DW17: 562 | DX17: -0.05227656 | DY17: 534 | DZ17: -0.049822064 | EA17: 491 | EB17: -0.080524345 | EC17: 518 | ED17: 0.054989817 | EE17: 522 | EF17: 0.0077220077
B18: Итог | C18: =SUM(C6:C17) -> 51138 | D18: =SUM(C6:C17)/SUM(A6:A17)-1 -> #DIV/0! | E18: =SUM(E6:E17) -> 49623 | F18: =SUM(E6:E17)/SUM(C6:C17)-1 -> -0.029625719 | G18: =SUM(G6:G17) -> 35935 | H18: =SUM(G6:G17)/SUM(E6:E17)-1 -> -0.27583983 | I18: =SUM(I6:I17) -> 40051 | J18: =SUM(I6:I17)/SUM(G6:G17)-1 -> 0.11454014 | K18: =SUM(K6:K17) -> 45138 | L18: =SUM(K6:K17)/SUM(I6:I17)-1 -> 0.12701306 | M18: =SUM(M6:M17) -> 44816 | N18: =SUM(M6:M17)/SUM(K6:K17)-1 -> -0.0071336789 | O18: =SUM(O6:O17) -> 43874 | P18: =SUM(O6:O17)/SUM(M6:M17)-1 -> -0.021019279 | Q18: =SUM(Q6:Q17) -> 42617 | R18: =SUM(Q6:Q17)/SUM(O6:O17)-1 -> -0.028650226 | S18: =SUM(S6:S17) -> 40044 | T18: =SUM(S6:S17)/SUM(Q6:Q17)-1 -> -0.060374968 | U18: =SUM(U6:U17) -> 36531 | V18: =SUM(U6:U17)/SUM(S6:S17)-1 -> -0.087728499 | W18: =SUM(W6:W17) -> 33045 | X18: =SUM(W6:W17)/SUM(U6:U17)-1 -> -0.095425803 | Y18: =SUM(Y6:Y17) -> 33696 | Z18: =SUM(Y6:Y17)/SUM(W6:W17)-1 -> 0.019700409 | AA18: =SUM(AA6:AA17) -> 36928 | AB18: =SUM(AA6:AA17)/SUM(Y6:Y17)-1 -> 0.095916429 | AC18: =SUM(AC6:AC17) -> 40098.84 | AD18: =SUM(AC6:AC17)/SUM(AA6:AA17)-1 -> 0.085865468 | AE18: =SUM(AE6:AE17) -> 39674 | AF18: =SUM(AE6:AE17)/SUM(AC6:AC17)-1 -> -0.01059482 | AG18: =SUM(AG6:AG17) -> 39139 | AH18: =SUM(AG6:AG17)/SUM(AE6:AE17)-1 -> -0.013484902 | AI18: =SUM(AI6:AI17) -> 39250 | AJ18: =SUM(AI6:AI17)/SUM(AG6:AG17)-1 -> 0.0028360459 | AK18: =SUM(AK6:AK17) -> 38946 | AL18: =SUM(AK6:AK17)/SUM(AI6:AI17)-1 -> -0.0077452229 | AM18: =SUM(AM6:AM17) -> 37677 | AN18: =SUM(AM6:AM17)/SUM(AK6:AK17)-1 -> -0.032583577 | AO18: =SUM(AO6:AO17) -> 39371.87 | AP18: =SUM(AO6:AO17)/SUM(AM6:AM17)-1 -> 0.044984208 | AQ18: =SUM(AQ6:AQ17) -> 40320 | AR18: =SUM(AQ6:AQ17)/SUM(AO6:AO17)-1 -> 0.024081406 | AS18: =SUM(AS6:AS17) -> 38654 | AT18: =SUM(AS6:AS17)/SUM(AQ6:AQ17)-1 -> -0.041319444 | AU18: =SUM(AU6:AU17) -> 36939 | AV18: =SUM(AU6:AU17)/SUM(AS6:AS17)-1 -> -0.044367983 | AW18: =SUM(AW6:AW17) -> 34055 | AX18: =SUM(AW6:AW17)/SUM(AU6:AU17)-1 -> -0.078074664 | AY18: =SUM(AY6:AY17) -> 37351 | AZ18: =SUM(AY6:AY17)/SUM(AW6:AW17)-1 -> 0.096784613 | BA18: =SUM(BA6:BA17) -> 35749 | BB18: =SUM(BA6:BA17)/SUM(AY6:AY17)-1 -> -0.042890418 | BC18: =SUM(BC6:BC17) -> 32227 | BD18: =SUM(BC6:BC17)/SUM(BA6:BA17)-1 -> -0.098520238 | BE18: =SUM(BE6:BE17) -> 35606 | BF18: =SUM(BE6:BE17)/SUM(BC6:BC17)-1 -> 0.10484997 | BG18: =SUM(BG6:BG17) -> 40367 | BH18: =SUM(BG6:BG17)/SUM(BE6:BE17)-1 -> 0.13371342 | BI18: =SUM(BI6:BI17) -> 43364 | BJ18: =SUM(BI6:BI17)/SUM(BG6:BG17)-1 -> 0.074243813 | BK18: =SUM(BK6:BK17) -> 44486 | BL18: =SUM(BK6:BK17)/SUM(BI6:BI17)-1 -> 0.025873997 | BM18: =SUM(BM6:BM17) -> 49091 | BN18: =SUM(BM6:BM17)/SUM(BK6:BK17)-1 -> 0.10351571 | BO18: =SUM(BO6:BO17) -> 50851 | BP18: =SUM(BO6:BO17)/SUM(BM6:BM17)-1 -> 0.035851785 | BQ18: =SUM(BQ6:BQ17) -> 50186 | BR18: =SUM(BQ6:BQ17)/SUM(BO6:BO17)-1 -> -0.013077422 | BS18: =SUM(BS6:BS17) -> 48354 | BT18: =SUM(BS6:BS17)/SUM(BQ6:BQ17)-1 -> -0.036504204 | BU18: =SUM(BU6:BU17) -> 46290 | BV18: =SUM(BU6:BU17)/SUM(BS6:BS17)-1 -> -0.042685197 | BW18: =SUM(BW6:BW17) -> 48705 | BX18: =SUM(BW6:BW17)/SUM(BU6:BU17)-1 -> 0.052171095 | BY18: =SUM(BY6:BY17) -> 51354 | BZ18: =SUM(BY6:BY17)/SUM(BW6:BW17)-1 -> 0.054388666 | CA18: =SUM(CA6:CA17) -> 48817 | CB18: =SUM(CA6:CA17)/SUM(BY6:BY17)-1 -> -0.049402189 | CC18: =SUM(CC6:CC17) -> 47660 | CD18: =SUM(CC6:CC17)/SUM(CA6:CA17)-1 -> -0.02370076 | CE18: =SUM(CE6:CE17) -> 46252 | CF18: =SUM(CE6:CE17)/SUM(CC6:CC17)-1 -> -0.029542593 | CG18: =SUM(CG6:CG17) -> 43280 | CH18: =SUM(CG6:CG17)/SUM(CE6:CE17)-1 -> -0.064256681 | CI18: =SUM(CI6:CI17) -> 41050 | CJ18: =SUM(CI6:CI17)/SUM(CG6:CG17)-1 -> -0.051524954 | CK18: =SUM(CK6:CK17) -> 38632 | CL18: =SUM(CK6:CK17)/SUM(CI6:CI17)-1 -> -0.058903776 | CM18: =SUM(CM6:CM17) -> 37552 | CN18: =SUM(CM6:CM17)/SUM(CK6:CK17)-1 -> -0.027956099 | CO18: =SUM(CO6:CO17) -> 37865 | CP18: =SUM(CO6:CO17)/SUM(CM6:CM17)-1 -> 0.0083351086 | CQ18: =SUM(CQ6:CQ17) -> 34799 | CR18: =SUM(CQ6:CQ17)/SUM(CO6:CO17)-1 -> -0.080971874 | CS18: =SUM(CS6:CS17) -> 34722 | CT18: =SUM(CS6:CS17)/SUM(CQ6:CQ17)-1 -> -0.0022127073 | CU18: =SUM(CU6:CU17) -> 38847 | CV18: =SUM(CU6:CU17)/SUM(CS6:CS17)-1 -> 0.11880076 | CW18: =SUM(CW6:CW17) -> 40695 | CX18: =SUM(CW6:CW17)/SUM(CU6:CU17)-1 -> 0.047571241 | CY18: =SUM(CY6:CY17) -> 41463 | CZ18: =SUM(CY6:CY17)/SUM(CW6:CW17)-1 -> 0.018872097 | DA18: =SUM(DA6:DA17) -> 41191 | DB18: =SUM(DA6:DA17)/SUM(CY6:CY17)-1 -> -0.0065600656 | DC18: =SUM(DC6:DC17) -> 42751 | DD18: =SUM(DC6:DC17)/SUM(DA6:DA17)-1 -> 0.037872351 | DE18: =SUM(DE6:DE17) -> 43920 | DF18: =SUM(DE6:DE17)/SUM(DC6:DC17)-1 -> 0.02734439 | DG18: =SUM(DG6:DG17) -> 44771 | DH18: =SUM(DG6:DG17)/SUM(DE6:DE17)-1 -> 0.019376138 | DI18: =SUM(DI6:DI17) -> 45297 | DJ18: =SUM(DI6:DI17)/SUM(DG6:DG17)-1 -> 0.011748677 | DK18: =SUM(DK6:DK17) -> 46503.27 | DL18: =SUM(DK6:DK17)/SUM(DI6:DI17)-1 -> 0.02663024 | DM18: =SUM(DM6:DM17) -> 45781 | DN18: =SUM(DM6:DM17)/SUM(DK6:DK17)-1 -> -0.015531596 | DO18: =SUM(DO6:DO17) -> 40105 | DQ18: =SUM(DQ6:DQ17) -> 35988 | DS18: =SUM(DS6:DS17) -> 37022 | DT18: =DS18/DQ18-1 -> 0.028731799 | DU18: =SUM(DU6:DU17) -> 37437 | DW18: =SUM(DW6:DW17) -> 36697 | DX18: =DW18/DU18-1 -> -0.019766541
B20: Изменение средней цены относительно прошлого месяца
C22: Год | D22: Период | E22: Значения
C23: 2020 | Y23: 2021 | AW23: 2022 | BU23: 2023 | CS23: 2024 | DQ23: 2025
C24: фев | E24: мар | G24: апр | I24: май | K24: июн | M24: июл | O24: авг | Q24: сен | S24: окт | U24: ноя | W24: дек | Y24: янв | AA24: фев | AC24: мар | AE24: апр | AG24: май | AI24: июн | AK24: июл | AM24: авг | AO24: сен | AQ24: окт | AS24: ноя | AU24: дек | AW24: янв | AY24: фев | BA24: мар | BC24: апр | BE24: май | BG24: июн | BI24: июл | BK24: авг | BM24: сен | BO24: окт | BQ24: ноя | BS24: дек | BU24: янв | BW24: фев | BY24: мар | CA24: апр | CC24: май | CE24: июн | CG24: июл | CI24: авг | CK24: сен | CM24: окт | CO24: ноя | CQ24: дек | CS24: янв | CU24: фев | CW24: мар | CY24: апр | DA24: май | DC24: июн | DE24: июл | DG24: авг | DI24: сен | DK24: окт | DM24: ноя | DO24: дек | DQ24: янв | DS24: фев | DU24: мар | DW24: апр | DY24: май | EA24: июн | EC24: июл | EE24: авг
B25: Округ | C25: Цена | D25: Изменение | E25: Цена | F25: Изменение | G25: Цена | H25: Изменение | I25: Цена | J25: Изменение | K25: Цена | L25: Изменение | M25: Цена | N25: Изменение | O25: Цена | P25: Изменение | Q25: Цена | R25: Изменение | S25: Цена | T25: Изменение | U25: Цена | V25: Изменение | W25: Цена | X25: Изменение | Y25: Цена | Z25: Изменение | AA25: Цена | AB25: Изменение | AC25: Цена | AD25: Изменение | AE25: Цена | AF25: Изменение | AG25: Цена | AH25: Изменение | AI25: Цена | AJ25: Изменение | AK25: Цена | AL25: Изменение | AM25: Цена | AN25: Изменение | AO25: Цена | AP25: Изменение | AQ25: Цена | AR25: Изменение | AS25: Цена | AT25: Изменение | AU25: Цена | AV25: Изменение | AW25: Цена | AX25: Изменение | AY25: Цена | AZ25: Изменение | BA25: Цена | BB25: Изменение | BC25: Цена | BD25: Изменение | BE25: Цена | BF25: Изменение | BG25: Цена | BH25: Изменение | BI25: Цена | BJ25: Изменение | BK25: Цена | BL25: Изменение | BM25: Цена | BN25: Изменение | BO25: Цена | BP25: Изменение | BQ25: Цена | BR25: Изменение | BS25: Цена | BT25: Изменение | BU25: Цена | BV25: Изменение | BW25: Цена | BX25: Изменение | BY25: Цена | BZ25: Изменение | CA25: Цена | CB25: Изменение | CC25: Цена | CD25: Изменение | CE25: Цена | CF25: Изменение | CG25: Цена | CH25: Изменение | CI25: Цена | CJ25: Изменение | CK25: Цена | CL25: Изменение | CM25: Цена | CN25: Изменение | CO25: Цена | CP25: Изменение | CQ25: Цена | CR25: Изменение | CS25: Цена | CT25: Изменение | CU25: Цена | CV25: Изменение | CW25: Цена | CX25: Изменение | CY25: Цена | CZ25: Изменение | DA25: Цена | DB25: Изменение | DC25: Цена | DD25: Изменение | DE25: Цена | DF25: Изменение | DG25: Цена | DH25: Изменение | DI25: Цена | DJ25: Изменение | DK25: Цена | DL25: Изменение | DM25: Цена | DN25: Изменение | DO25: Цена | DP25: Изменение | DQ25: Цена | DR25: Изменение | DS25: Цена | DT25: Изменение | DU25: Цена | DV25: Изменение | DW25: Цена | DX25: Изменение | DY25: Цена | DZ25: Изменение | EA25: Цена | EB25: Изменение | EC25: Цена | ED25: Изменение | EE25: Цена | EF25: Изменение
B26: Восточный | C26: 186881.6 | D26: 0 | E26: 189676.17 | F26: 0.01495369 | G26: 193065.69 | H26: 0.017870057 | I26: 193645.08 | J26: 0.0030009626 | K26: 193154.91 | L26: -0.0025312694 | M26: 193771.53 | N26: 0.0031923828 | O26: 196359.5 | P26: 0.013355792 | Q26: 201082.52 | R26: 0.024052918 | S26: 207111.72 | T26: 0.029983711 | U26: 213064 | V26: 0.028739448 | W26: 217457.93 | X26: 0.020622565 | Y26: 222408.36 | Z26: 0.022765035 | AA26: 224060 | AB26: 0.0074261439 | AC26: 229760.21 | AD26: 0.025440529 | AE26: 231824.1 | AF26: 0.0089828356 | AG26: 236146.75 | AH26: 0.018646249 | AI26: 230983.15 | AJ26: -0.021866064 | AK26: 239462 | AL26: 0.036707642 | AM26: 243817.9 | AN26: 0.018190378 | AO26: 249485.84 | AP26: 0.023246609 | AQ26: 253346.33 | AR26: 0.01547376 | AS26: 256232 | AT26: 0.011390228 | AU26: 258976.4 | AV26: 0.010710623 | AW26: 267946.63 | AX26: 0.034637238 | AY26: 270974.11 | AZ26: 0.01129882 | BA26: 278463.86 | BB26: 0.027640091 | BC26: 280226.02 | BD26: 0.006328138 | BE26: 275858.13 | BF26: -0.015587036 | BG26: 272522.22 | BH26: -0.012092821 | BI26: 269980.53 | BJ26: -0.009326546 | BK26: 268038.25 | BL26: -0.0071941734 | BM26: 266117.44 | BN26: -0.0071661782 | BO26: 261889.19 | BP26: -0.015888652 | BQ26: 258588.98 | BR26: -0.012601558 | BS26: 258297.77 | BT26: -0.0011261487 | BU26: 259332.92 | BV26: 0.0040076061 | BW26: 259473.59 | BX26: 0.00054240138 | BY26: 259217.51 | BZ26: -0.00098688851 | CA26: 260149.97 | CB26: 0.0035971862 | CC26: 262704.28 | CD26: 0.0098186286 | CE26: 265501.57 | CF26: 0.010648031 | CG26: 266289.45 | CH26: 0.0029675212 | CI26: 271753.43 | CJ26: 0.020518963 | CK26: 277235.93 | CL26: 0.020174547 | CM26: 282293.97 | CN26: 0.018244531 | CO26: 283897.25 | CP26: 0.0056794587 | CQ26: 284566.58 | CR26: 0.0023576493 | CS26: 289262.51 | CT26: 0.016502056 | CU26: 289294.04 | CV26: 0.00010897294 | CW26: 288247.75 | CX26: -0.0036166761 | CY26: 288479.34 | CZ26: 0.0008034322 | DA26: 288968.1 | DB26: 0.0016942779 | DC26: 287676.33 | DD26: -0.0044703158 | DE26: 286793.21 | DF26: -0.0030698211 | DG26: 286025.57 | DH26: -0.002676629 | DI26: 287409.28 | DJ26: 0.0048377131 | DK26: 288992.82 | DL26: 0.0055097121 | DM26: 289091.93 | DN26: 0.00034294579 | DO26: 289980.25 | DP26: 0.0030727857 | DQ26: 292003.79 | DR26: 0.006978184 | DS26: 295857.64 | DT26: 0.013197945 | DU26: 296711.33 | DV26: 0.002885503 | DW26: 297368.21 | DX26: 0.0022138529 | DY26: 299179.83 | DZ26: 0.0060921908 | EA26: 300411.15 | EB26: 0.0041156458 | EC26: 301769.61 | ED26: 0.0045220012 | EE26: 301401.54 | EF26: -0.0012197246
B27: Западный | C27: 250628.75 | D27: 0 | E27: 253823.23 | F27: 0.012745861 | G27: 271405.14 | H27: 0.069268309 | I27: 262902.17 | J27: -0.031329447 | K27: 258806.72 | L27: -0.015577826 | M27: 259270.84 | N27: 0.0017933116 | O27: 261062.06 | P27: 0.006908659 | Q27: 267512.8 | R27: 0.024709605 | S27: 274968.23 | T27: 0.027869453 | U27: 284145.07 | V27: 0.033374177 | W27: 285015.18 | X27: 0.0030621859 | Y27: 288669.42 | Z27: 0.012821209 | AA27: 290704 | AB27: 0.0070481437 | AC27: 294686.3 | AD27: 0.013698815 | AE27: 299003.2 | AF27: 0.014649129 | AG27: 303562.77 | AH27: 0.015249248 | AI27: 307644.75 | AJ27: 0.013446885 | AK27: 307365.88 | AL27: -0.00090646884 | AM27: 313986.36 | AN27: 0.021539417 | AO27: 318405.33 | AP27: 0.014073768 | AQ27: 321496.05 | AR27: 0.0097068788 | AS27: 326170 | AT27: 0.014538125 | AU27: 330302.86 | AV27: 0.01267088 | AW27: 340527.34 | AX27: 0.030954851 | AY27: 346948.19 | AZ27: 0.018855607 | BA27: 363085.51 | BB27: 0.046512196 | BC27: 367420.53 | BD27: 0.011939388 | BE27: 359294.43 | BF27: -0.022116621 | BG27: 348500.66 | BH27: -0.030041577 | BI27: 343912.83 | BJ27: -0.013164459 | BK27: 340004.23 | BL27: -0.011365101 | BM27: 336424.3 | BN27: -0.010529071 | BO27: 330306.84 | BP27: -0.018183752 | BQ27: 326518.67 | BR27: -0.011468661 | BS27: 324768.07 | BT27: -0.0053613958 | BU27: 326279.83 | BV27: 0.0046548838 | BW27: 322496.15 | BX27: -0.011596429 | BY27: 325831.63 | BZ27: 0.010342698 | CA27: 326518.58 | CB27: 0.002108308 | CC27: 327429.41 | CD27: 0.002789521 | CE27: 328390.29 | CF27: 0.0029345973 | CG27: 333528.81 | CH27: 0.015647625 | CI27: 340731.1 | CJ27: 0.021594189 | CK27: 349255.28 | CL27: 0.025017342 | CM27: 352808.02 | CN27: 0.010172319 | CO27: 358307.04 | CP27: 0.015586442 | CQ27: 361334.58 | CR27: 0.0084495584 | CS27: 363757.26 | CT27: 0.0067048176 | CU27: 365488.46 | CV27: 0.0047592055 | CW27: 364124.99 | CX27: -0.0037305204 | CY27: 368219.19 | CZ27: 0.011243926 | DA27: 368799.48 | DB27: 0.0015759522 | DC27: 365693.23 | DD27: -0.008422605 | DE27: 365502.59 | DF27: -0.00052132594 | DG27: 365128.2 | DH27: -0.0010242964 | DI27: 363986.05 | DJ27: -0.0031280828 | DK27: 362538.3 | DL27: -0.0039774963 | DM27: 364445.73 | DN27: 0.0052613227 | DO27: 369502.28 | DP27: 0.013874619 | DQ27: 368329.73 | DR27: -0.0031733182 | DS27: 368955.45 | DT27: 0.0016988225 | DU27: 371943.62 | DV27: 0.0080989889 | DW27: 376505.27 | DX27: 0.012264354 | DY27: 379696.24 | DZ27: 0.0084752492 | EA27: 386488.58 | EB27: 0.017888872 | EC27: 382760.96 | ED27: -0.0096448385 | EE27: 390426.86 | EF27: 0.020027905
B28: Новомосковский | C28: 149719.02 | D28: 0 | E28: 149130.45 | F28: -0.0039311461 | G28: 149242.49 | H28: 0.0007512697 | I28: 149825.18 | J28: 0.0039043156 | K28: 150412.72 | L28: 0.0039215302 | M28: 152758.77 | N28: 0.015597412 | O28: 154507.02 | P28: 0.011444515 | Q28: 159503.02 | R28: 0.032335081 | S28: 163550.63 | T28: 0.025376434 | U28: 166987 | V28: 0.021011048 | W28: 168456 | X28: 0.0087970653 | Y28: 169893.75 | Z28: 0.0085348841 | AA28: 166469 | AB28: -0.020158201 | AC28: 170101.71 | AD28: 0.021822163 | AE28: 171331.38 | AF28: 0.007228996 | AG28: 185143.77 | AH28: 0.080617979 | AI28: 185631.43 | AJ28: 0.0026339838 | AK28: 189270 | AL28: 0.019601026 | AM28: 190978.59 | AN28: 0.009027287 | AO28: 191949.76 | AP28: 0.0050852242 | AQ28: 199505.42 | AR28: 0.039362665 | AS28: 204239.19 | AT28: 0.023727536 | AU28: 207782.73 | AV28: 0.01734994 | AW28: 209952.13 | AX28: 0.010440744 | AY28: 212581.94 | AZ28: 0.012525738 | BA28: 221724.67 | BB28: 0.04300803 | BC28: 224159.74 | BD28: 0.010982428 | BE28: 224950.52 | BF28: 0.0035277132 | BG28: 223068.02 | BH28: -0.0083685026 | BI28: 218829.21 | BJ28: -0.019002327 | BK28: 217394.8 | BL28: -0.0065549244 | BM28: 219142.34 | BN28: 0.0080385712 | BO28: 218235.14 | BP28: -0.0041397882 | BQ28: 213383.54 | BR28: -0.022231061 | BS28: 213351.93 | BT28: -0.00014811225 | BU28: 214267.88 | BV28: 0.0042931179 | BW28: 215088.57 | BX28: 0.0038302247 | BY28: 216997.25 | BZ28: 0.0088739126 | CA28: 216056.47 | CB28: -0.0043354509 | CC28: 213370.63 | CD28: -0.012431214 | CE28: 214974.23 | CF28: 0.0075155725 | CG28: 218059.79 | CH28: 0.014353188 | CI28: 220945.65 | CJ28: 0.013234228 | CK28: 224057.94 | CL28: 0.014086244 | CM28: 224930.66 | CN28: 0.0038950477 | CO28: 225511.97 | CP28: 0.0025843987 | CQ28: 225208.2 | CR28: -0.0013470095 | CS28: 227814.42 | CT28: 0.011572497 | CU28: 229921.29 | CV28: 0.0092481873 | CW28: 229030.49 | CX28: -0.0038743579 | CY28: 227357.98 | CZ28: -0.0073025823 | DA28: 226554.23 | DB28: -0.0035351911 | DC28: 237888.03 | DD28: 0.050026906 | DE28: 247623.3 | DF28: 0.040923749 | DG28: 246027.26 | DH28: -0.0064454603 | DI28: 240619.63 | DJ28: -0.021979778 | DK28: 241863.84 | DL28: 0.0051708539 | DM28: 244208.32 | DN28: 0.0096933986 | DO28: 238674.72 | DP28: -0.022659376 | DQ28: 240406.93 | DR28: 0.0072576165 | DS28: 239605.44 | DT28: -0.0033338671 | DU28: 241066.21 | DV28: 0.0060965609 | DW28: 240027.52 | DX28: -0.0043087232 | DY28: 240633.22 | DZ28: 0.0025234302 | EA28: 238893.67 | EB28: -0.0072290208 | EC28: 237231.21 | ED28: -0.0069590045 | EE28: 237173.08 | EF28: -0.00024505955
B29: Северный | C29: 219881.54 | D29: 0 | E29: 221727.09 | F29: 0.0083933588 | G29: 231120.58 | H29: 0.042365095 | I29: 226815.92 | J29: -0.018625146 | K29: 226938.58 | L29: 0.0005407685 | M29: 225564.81 | N29: -0.0060534948 | O29: 228416.83 | P29: 0.012643949 | Q29: 233369.73 | R29: 0.021683598 | S29: 240481.15 | T29: 0.030472765 | U29: 248660.82 | V29: 0.034013739 | W29: 249103.21 | X29: 0.0017791102 | Y29: 254214.56 | Z29: 0.020518986 | AA29: 250175 | AB29: -0.015890351 | AC29: 255178.5 | AD29: 0.02 | AE29: 262834 | AF29: 0.030000568 | AG29: 270519.52 | AH29: 0.029240974 | AI29: 271639.91 | AJ29: 0.0041416035 | AK29: 279829.87 | AL29: 0.030150083 | AM29: 285267.26 | AN29: 0.019431061 | AO29: 288234.29 | AP29: 0.010400855 | AQ29: 290471.22 | AR29: 0.0077608027 | AS29: 293787 | AT29: 0.011415186 | AU29: 298124.97 | AV29: 0.014765714 | AW29: 301307.6 | AX29: 0.010675487 | AY29: 306540.33 | AZ29: 0.017366715 | BA29: 320968.52 | BB29: 0.047067848 | BC29: 327258.35 | BD29: 0.019596393 | BE29: 321220.19 | BF29: -0.018450724 | BG29: 314573.91 | BH29: -0.020690751 | BI29: 308423.62 | BJ29: -0.019551168 | BK29: 308092.56 | BL29: -0.0010733943 | BM29: 307037.09 | BN29: -0.0034258305 | BO29: 301857.9 | BP29: -0.016868259 | BQ29: 298853.76 | BR29: -0.0099521962 | BS29: 296416.33 | BT29: -0.0081559289 | BU29: 296895.24 | BV29: 0.0016156707 | BW29: 297406.95 | BX29: 0.0017235357 | BY29: 298460.6 | BZ29: 0.0035428163 | CA29: 299938.94 | CB29: 0.0049532106 | CC29: 300379.37 | CD29: 0.0014684066 | CE29: 303225.99 | CF29: 0.0094767339 | CG29: 307368.1 | CH29: 0.013660154 | CI29: 314128.72 | CJ29: 0.021995175 | CK29: 321168.54 | CL29: 0.022410612 | CM29: 323237.11 | CN29: 0.0064407879 | CO29: 326254.4 | CP29: 0.009334604 | CQ29: 328426.97 | CR29: 0.0066591161 | CS29: 328810.33 | CT29: 0.0011672526 | CU29: 330143.53 | CV29: 0.0040546228 | CW29: 330494.81 | CX29: 0.0010640192 | CY29: 329507.2 | CZ29: -0.0029882688 | DA29: 329242.59 | DB29: -0.00080305739 | DC29: 330942.84 | DD29: 0.0051641248 | DE29: 330336.18 | DF29: -0.0018331245 | DG29: 331132.64 | DH29: 0.0024110647 | DI29: 330487.44 | DJ29: -0.0019484709 | DK29: 330183.05 | DL29: -0.00092103596 | DM29: 331672.09 | DN29: 0.0045097393 | DO29: 336113.4 | DP29: 0.013390661 | DQ29: 338682.92 | DR29: 0.0076448127 | DS29: 338936 | DT29: 0.00074724755 | DU29: 341724.36 | DV29: 0.0082268038 | DW29: 343250.62 | DX29: 0.0044663642 | DY29: 344838.07 | DZ29: 0.0046247416 | EA29: 344945.8 | EB29: 0.00031241056 | EC29: 347418.75 | ED29: 0.0071691026 | EE29: 348719.97 | EF29: 0.0037453717
B30: Северо-Восточный | C30: 195689.13 | D30: 0 | E30: 199279.43 | F30: 0.018346947 | G30: 203485.71 | H30: 0.021107426 | I30: 204127.92 | J30: 0.0031560466 | K30: 204628.72 | L30: 0.0024533493 | M30: 205183.9 | N30: 0.0027131163 | O30: 208545.58 | P30: 0.016383782 | Q30: 212295.61 | R30: 0.017981784 | S30: 218383.83 | T30: 0.028678027 | U30: 224126.57 | V30: 0.026296578 | W30: 227430 | X30: 0.01473912 | Y30: 226980.95 | Z30: -0.0019744719 | AA30: 227817 | AB30: 0.0036833604 | AC30: 230654 | AD30: 0.012452978 | AE30: 232671 | AF30: 0.0087446999 | AG30: 242760 | AH30: 0.043361657 | AI30: 250087.88 | AJ30: 0.030185692 | AK30: 258704 | AL30: 0.034452375 | AM30: 262066.97 | AN30: 0.012999305 | AO30: 267543.33 | AP30: 0.020896798 | AQ30: 271461.21 | AR30: 0.014643907 | AS30: 275176.25 | AT30: 0.013685319 | AU30: 279581.37 | AV30: 0.016008363 | AW30: 283948.77 | AX30: 0.01562123 | AY30: 287890.36 | AZ30: 0.013881336 | BA30: 296364.8 | BB30: 0.029436352 | BC30: 297827.46 | BD30: 0.0049353428 | BE30: 293393.43 | BF30: -0.014887942 | BG30: 294060.66 | BH30: 0.0022742093 | BI30: 288945.8 | BJ30: -0.017393901 | BK30: 286930.18 | BL30: -0.0069757754 | BM30: 285504.27 | BN30: -0.0049695494 | BO30: 281794.2 | BP30: -0.01299479 | BQ30: 278597.23 | BR30: -0.011345039 | BS30: 275840.22 | BT30: -0.0098960381 | BU30: 275615.1 | BV30: -0.00081612192 | BW30: 276820.28 | BX30: 0.0043726592 | BY30: 277437.93 | BZ30: 0.0022312638 | CA30: 277858.92 | CB30: 0.0015173932 | CC30: 279150.4 | CD30: 0.0046479854 | CE30: 279539.77 | CF30: 0.001394852 | CG30: 284347.04 | CH30: 0.017197054 | CI30: 291580.61 | CJ30: 0.025439246 | CK30: 294447.35 | CL30: 0.009831726 | CM30: 297704.72 | CN30: 0.011062651 | CO30: 299211.43 | CP30: 0.0050610887 | CQ30: 301104.79 | CR30: 0.0063278341 | CS30: 303900.31 | CT30: 0.0092842233 | CU30: 304797.92 | CV30: 0.0029536156 | CW30: 305786.9 | CX30: 0.0032447149 | CY30: 303756.43 | CZ30: -0.006640158 | DA30: 302621.59 | DB30: -0.0037360001 | DC30: 303820.54 | DD30: 0.0039618667 | DE30: 305159.31 | DF30: 0.0044064622 | DG30: 304370.83 | DH30: -0.0025838295 | DI30: 304404.81 | DJ30: 0.00011162993 | DK30: 306631.18 | DL30: 0.0073138444 | DM30: 305179.86 | DN30: -0.0047331089 | DO30: 306243.98 | DP30: 0.0034868712 | DQ30: 310326.19 | DR30: 0.013329911 | DS30: 313831.97 | DT30: 0.011297101 | DU30: 316327.06 | DV30: 0.0079504005 | DW30: 314724.05 | DX30: -0.0050675804 | DY30: 315255.16 | DZ30: 0.0016875229 | EA30: 319672.09 | EB30: 0.014010665 | EC30: 321520.86 | ED30: 0.0057833232 | EE30: 321601.44 | EF30: 0.00025062422
B31: Северо-Западный | C31: 211922.93 | D31: 0 | E31: 214557.84 | F31: 0.012433365 | G31: 223078.79 | H31: 0.039714012 | I31: 219803.99 | J31: -0.014680007 | K31: 216294.95 | L31: -0.015964418 | M31: 216240.63 | N31: -0.00025112479 | O31: 218489.13 | P31: 0.010398106 | Q31: 223895.59 | R31: 0.024744777 | S31: 232284.88 | T31: 0.037469649 | U31: 240315.44 | V31: 0.034572042 | W31: 248499.86 | X31: 0.034056976 | Y31: 252079.08 | Z31: 0.01440331 | AA31: 249379 | AB31: -0.01071125 | AC31: 256057.23 | AD31: 0.02677942 | AE31: 259971.78 | AF31: 0.015287802 | AG31: 264259.31 | AH31: 0.016492296 | AI31: 263638.93 | AJ31: -0.0023476008 | AK31: 270586.86 | AL31: 0.026353966 | AM31: 273464.64 | AN31: 0.0106353 | AO31: 278765.99 | AP31: 0.019385874 | AQ31: 285228.91 | AR31: 0.023184035 | AS31: 289711.73 | AT31: 0.015716581 | AU31: 292388.13 | AV31: 0.0092381336 | AW31: 301531.94 | AX31: 0.031272869 | AY31: 306505.33 | AZ31: 0.016493732 | BA31: 317477.8 | BB31: 0.035798614 | BC31: 317865.33 | BD31: 0.0012206669 | BE31: 314491.07 | BF31: -0.01061538 | BG31: 306747.45 | BH31: -0.024622716 | BI31: 302028.76 | BJ31: -0.015382954 | BK31: 301502.59 | BL31: -0.0017421359 | BM31: 299742.18 | BN31: -0.0058387902 | BO31: 295218.11 | BP31: -0.015093201 | BQ31: 290013.11 | BR31: -0.017631029 | BS31: 289305.57 | BT31: -0.0024396926 | BU31: 290651.05 | BV31: 0.0046507198 | BW31: 289313.35 | BX31: -0.0046024054 | BY31: 291927 | BZ31: 0.0090339853 | CA31: 294542.43 | CB31: 0.008959187 | CC31: 297107.99 | CD31: 0.0087102981 | CE31: 301766 | CF31: 0.015677862 | CG31: 307084.68 | CH31: 0.017625167 | CI31: 315410.98 | CJ31: 0.027114019 | CK31: 319495.38 | CL31: 0.01294946 | CM31: 322172.25 | CN31: 0.0083784111 | CO31: 330385.81 | CP31: 0.025494341 | CQ31: 331229.34 | CR31: 0.0025531433 | CS31: 331327.56 | CT31: 0.00029653706 | CU31: 332830.34 | CV31: 0.0045356234 | CW31: 332550.31 | CX31: -0.00084133662 | CY31: 335124.98 | CZ31: 0.0077421753 | DA31: 333732.17 | DB31: -0.0041560801 | DC31: 333764.65 | DD31: 9.7327694e-05 | DE31: 336614.32 | DF31: 0.0085379728 | DG31: 332583.65 | DH31: -0.011974155 | DI31: 333453.58 | DJ31: 0.0026156737 | DK31: 328142.68 | DL31: -0.015926962 | DM31: 327399.52 | DN31: -0.0022647396 | DO31: 328522 | DP31: 0.0034284535 | DQ31: 334847.28 | DR31: 0.019253759 | DS31: 335102.61 | DT31: 0.00076251749 | DU31: 336597.13 | DV31: 0.0044598845 | DW31: 335750.18 | DX31: -0.0025161969 | DY31: 336790.17 | DZ31: 0.0030975111 | EA31: 336678.3 | EB31: -0.0003321717 | EC31: 340593.1 | ED31: 0.01162773 | EE31: 341954.07 | EF31: 0.0039958797
B32: Троицкий | C32: 107661.93 | D32: 0 | E32: 109808.95 | F32: 0.019942161 | G32: 110007.16 | H32: 0.0018050921 | I32: 114759.13 | J32: 0.04319693 | K32: 119193.29 | L32: 0.038638792 | M32: 118866.7 | N32: -0.0027399579 | O32: 122283.19 | P32: 0.028742155 | Q32: 124611.1 | R32: 0.01903707 | S32: 129934.96 | T32: 0.042723774 | U32: 129043 | V32: -0.0068646544 | W32: 129358 | X32: 0.0024410468 | Y32: 129570.29 | Z32: 0.001641127 | AA32: 130229 | AB32: 0.0050837817 | AC32: 132518.89 | AD32: 0.0175836 | AE32: 139459.02 | AF32: 0.052370834 | AG32: 142362.59 | AH32: 0.020820223 | AI32: 143498.27 | AJ32: 0.0079773642 | AK32: 147506.88 | AL32: 0.027934941 | AM32: 151436.45 | AN32: 0.026639871 | AO32: 155868.5 | AP32: 0.029266728 | AQ32: 157390.6 | AR32: 0.0097653176 | AS32: 159785.94 | AT32: 0.015219061 | AU32: 161645.54 | AV32: 0.011638059 | AW32: 170210.69 | AX32: 0.05298724 | AY32: 174859.57 | AZ32: 0.027312521 | BA32: 179453.84 | BB32: 0.026274077 | BC32: 179428.28 | BD32: -0.00014244556 | BE32: 177505.73 | BF32: -0.010714878 | BG32: 172695.16 | BH32: -0.027100896 | BI32: 173119.7 | BJ32: 0.0024582812 | BK32: 173425.58 | BL32: 0.001766903 | BM32: 172950.42 | BN32: -0.0027398426 | BO32: 171117.59 | BP32: -0.010597434 | BQ32: 169378.69 | BR32: -0.01016204 | BS32: 166884.06 | BT32: -0.014728137 | BU32: 166417.4 | BV32: -0.0027962822 | BW32: 167266.13 | BX32: 0.0051000067 | BY32: 167153.24 | BZ32: -0.00067495415 | CA32: 169292.3 | CB32: 0.012797046 | CC32: 169224.48 | CD32: -0.00040064157 | CE32: 168786.2 | CF32: -0.0025899114 | CG32: 169405.68 | CH32: 0.0036702093 | CI32: 170438.21 | CJ32: 0.0060950274 | CK32: 169604.45 | CL32: -0.0048918788 | CM32: 171082.36 | CN32: 0.0087138264 | CO32: 175058.32 | CP32: 0.023240055 | CQ32: 173276.9 | CR32: -0.010176169 | CS32: 173619.69 | CT32: 0.0019782933 | CU32: 175328.29 | CV32: 0.0098410791 | CW32: 176039.5 | CX32: 0.0040564177 | CY32: 176361.33 | CZ32: 0.0018281551 | DA32: 179780.34 | DB32: 0.019386445 | DC32: 179802.74 | DD32: 0.00012455572 | DE32: 177297.81 | DF32: -0.013931531 | DG32: 176451.66 | DH32: -0.0047724862 | DI32: 179482.84 | DJ32: 0.017178565 | DK32: 182515.9 | DL32: 0.016898872 | DM32: 181365.07 | DN32: -0.0063053697 | DO32: 178473.18 | DP32: -0.015945161 | DQ32: 180703 | DR32: 0.012493887 | DS32: 183225.25 | DT32: 0.013957986 | DU32: 181176.34 | DV32: -0.011182461 | DW32: 182244.03 | DX32: 0.0058931091 | DY32: 180956.49 | DZ32: -0.0070649125 | EA32: 180581.6 | EB32: -0.0020717587 | EC32: 182474.55 | ED32: 0.010482547 | EE32: 182007.55 | EF32: -0.0025592637
B33: Центральный | C33: 435844.16 | D33: 0 | E33: 454712.74 | F33: 0.043292054 | G33: 506845.23 | H33: 0.11464926 | I33: 476637.96 | J33: -0.0595986 | K33: 473423.36 | L33: -0.0067443326 | M33: 470411.85 | N33: -0.0063611285 | O33: 473782.6 | P33: 0.0071655211 | Q33: 480526.84 | R33: 0.014234888 | S33: 485369.4 | T33: 0.010077607 | U33: 492923.84 | V33: 0.015564312 | W33: 492266.95 | X33: -0.0013326398 | Y33: 496551.37 | Z33: 0.0087034564 | AA33: 485358 | AB33: -0.022542224 | AC33: 506384.35 | AD33: 0.04332132 | AE33: 506551.61 | AF33: 0.00033031291 | AG33: 517047.08 | AH33: 0.020719445 | AI33: 523622.44 | AJ33: 0.012717126 | AK33: 537692.18 | AL33: 0.026870024 | AM33: 542877.98 | AN33: 0.0096445456 | AO33: 543264.81 | AP33: 0.00071255353 | AQ33: 542715.62 | AR33: -0.0010109065 | AS33: 555672.41 | AT33: 0.023873993 | AU33: 556712.36 | AV33: 0.0018715272 | AW33: 566412.42 | AX33: 0.017423822 | AY33: 581480.32 | AZ33: 0.026602337 | BA33: 614649.66 | BB33: 0.057042928 | BC33: 611145.76 | BD33: -0.0057006424 | BE33: 582476.16 | BF33: -0.04691123 | BG33: 561015.96 | BH33: -0.036843056 | BI33: 560227.79 | BJ33: -0.0014048831 | BK33: 556845.13 | BL33: -0.0060380139 | BM33: 546331.83 | BN33: -0.018880116 | BO33: 540294.96 | BP33: -0.011049826 | BQ33: 537600.67 | BR33: -0.0049867097 | BS33: 536836.11 | BT33: -0.001422167 | BU33: 538747.59 | BV33: 0.0035606475 | BW33: 536305.76 | BX33: -0.0045324204 | BY33: 536010.64 | BZ33: -0.00055029101 | CA33: 543077.45 | CB33: 0.013184086 | CC33: 544627.01 | CD33: 0.0028532931 | CE33: 557314.29 | CF33: 0.023295358 | CG33: 562979.36 | CH33: 0.010164954 | CI33: 574623.85 | CJ33: 0.020683694 | CK33: 595010.15 | CL33: 0.03547763 | CM33: 605411.52 | CN33: 0.017481004 | CO33: 606601.24 | CP33: 0.0019651348 | CQ33: 608292.31 | CR33: 0.0027877834 | CS33: 615847.26 | CT33: 0.012419938 | CU33: 616123.28 | CV33: 0.0004481964 | CW33: 621741.88 | CX33: 0.0091192771 | CY33: 625378.28 | CZ33: 0.0058487315 | DA33: 619613.03 | DB33: -0.0092188293 | DC33: 615668.11 | DD33: -0.0063667473 | DE33: 618441.3 | DF33: 0.0045043653 | DG33: 619052.45 | DH33: 0.00098820832 | DI33: 623394.62 | DJ33: 0.0070142099 | DK33: 632447.93 | DL33: 0.014522614 | DM33: 652096 | DN33: 0.031066693 | DO33: 668882.38 | DP33: 0.025742184 | DQ33: 687136.89 | DR33: 0.027291066 | DS33: 675010.45 | DT33: -0.017647783 | DU33: 675566.29 | DV33: 0.00082345437 | DW33: 677386.18 | DX33: 0.0026938792 | DY33: 690909.15 | DZ33: 0.019963463 | EA33: 700027.13 | EB33: 0.013197071 | EC33: 696654.29 | ED33: -0.004818158 | EE33: 691577.06 | EF33: -0.0072880181
B34: Юго-Восточный | C34: 177566.66 | D34: 0 | E34: 178792.09 | F34: 0.006901191 | G34: 179632.4 | H34: 0.0046999412 | I34: 180106.26 | J34: 0.0026379252 | K34: 180518.92 | L34: 0.002291244 | M34: 181588.46 | N34: 0.0059247909 | O34: 183216.86 | P34: 0.0089675147 | Q34: 187103.09 | R34: 0.021211111 | S34: 193257.31 | T34: 0.032892125 | U34: 198357.59 | V34: 0.026391161 | W34: 204423.54 | X34: 0.030580856 | Y34: 207722.83 | Z34: 0.016139487 | AA34: 208923 | AB34: 0.0057777528 | AC34: 214923.25 | AD34: 0.028719893 | AE34: 214656 | AF34: -0.0012434492 | AG34: 223160.26 | AH34: 0.039618071 | AI34: 221907.46 | AJ34: -0.0056139094 | AK34: 231525.02 | AL34: 0.043340427 | AM34: 236217.44 | AN34: 0.020267462 | AO34: 240456.28 | AP34: 0.01794465 | AQ34: 244291.87 | AR34: 0.015951301 | AS34: 248434.7 | AT34: 0.016958505 | AU34: 250776.5 | AV34: 0.0094262178 | AW34: 257687.7 | AX34: 0.027559216 | AY34: 262051.62 | AZ34: 0.016934895 | BA34: 270818.45 | BB34: 0.033454609 | BC34: 273327.72 | BD34: 0.0092655049 | BE34: 270054.67 | BF34: -0.011974834 | BG34: 265723.44 | BH34: -0.016038313 | BI34: 263884.02 | BJ34: -0.006922339 | BK34: 263479.18 | BL34: -0.0015341366 | BM34: 262155.1 | BN34: -0.0050253943 | BO34: 259166.25 | BP34: -0.011401068 | BQ34: 255999.52 | BR34: -0.012218917 | BS34: 253290.12 | BT34: -0.010583611 | BU34: 252980.29 | BV34: -0.0012232102 | BW34: 252497.74 | BX34: -0.0019074805 | BY34: 251723.64 | BZ34: -0.0030657411 | CA34: 253205.29 | CB34: 0.0058860135 | CC34: 255249.24 | CD34: 0.0080723031 | CE34: 256861.98 | CF34: 0.0063182688 | CG34: 259040.21 | CH34: 0.0084801604 | CI34: 265768.54 | CJ34: 0.025974083 | CK34: 271223.36 | CL34: 0.020524721 | CM34: 274114.75 | CN34: 0.010660532 | CO34: 277276.17 | CP34: 0.011533211 | CQ34: 279706.17 | CR34: 0.0087638275 | CS34: 281744.1 | CT34: 0.007285978 | CU34: 283273.2 | CV34: 0.0054272487 | CW34: 283523.3 | CX34: 0.00088290494 | CY34: 283163 | CZ34: -0.0012708058 | DA34: 283544.87 | DB34: 0.0013485734 | DC34: 284380.37 | DD34: 0.0029466311 | DE34: 282743.66 | DF34: -0.0057553453 | DG34: 282380.45 | DH34: -0.0012845817 | DI34: 281875.82 | DJ34: -0.0017870834 | DK34: 280412.24 | DL34: -0.0051922696 | DM34: 279884.09 | DN34: -0.0018834947 | DO34: 279876.38 | DP34: -2.7545296e-05 | DQ34: 283657.11 | DR34: 0.013508589 | DS34: 286213.87 | DT34: 0.0090135676 | DU34: 285943.11 | DV34: -0.00094603695 | DW34: 286221.32 | DX34: 0.00097296994 | DY34: 288195.51 | DZ34: 0.0068974323 | EA34: 288286.6 | EB34: 0.00031606759 | EC34: 289957.89 | ED34: 0.0057973059 | EE34: 293796.86 | EF34: 0.01323976
B35: Юго-Западный | C35: 219292.48 | D35: 0 | E35: 220515.76 | F35: 0.0055783084 | G35: 225259.64 | H35: 0.021512672 | I35: 224658.72 | J35: -0.0026676903 | K35: 223714.35 | L35: -0.0042035832 | M35: 224034.03 | N35: 0.0014289719 | O35: 225873.27 | P35: 0.0082096541 | Q35: 231188.57 | R35: 0.023532235 | S35: 238795.99 | T35: 0.032905687 | U35: 242855.65 | V35: 0.017000542 | W35: 251075.41 | X35: 0.03384626 | Y35: 252676.77 | Z35: 0.0063780017 | AA35: 251521 | AB35: -0.0045740952 | AC35: 257717.4 | AD35: 0.024635714 | AE35: 263055.17 | AF35: 0.020711732 | AG35: 267496.64 | AH35: 0.016884152 | AI35: 267714.09 | AJ35: 0.00081292578 | AK35: 274500.02 | AL35: 0.025347658 | AM35: 279971.03 | AN35: 0.01993083 | AO35: 284425.1 | AP35: 0.015909033 | AQ35: 287414.24 | AR35: 0.010509409 | AS35: 291686.34 | AT35: 0.014863933 | AU35: 295671.38 | AV35: 0.013662056 | AW35: 301752.71 | AX35: 0.020567864 | AY35: 307307.37 | AZ35: 0.018407989 | BA35: 320210.03 | BB35: 0.041986175 | BC35: 324283.56 | BD35: 0.012721435 | BE35: 318190.27 | BF35: -0.018790019 | BG35: 312344.65 | BH35: -0.018371448 | BI35: 309244.13 | BJ35: -0.0099265854 | BK35: 308834.38 | BL35: -0.0013250358 | BM35: 306233.12 | BN35: -0.0084228245 | BO35: 301531.72 | BP35: -0.015352364 | BQ35: 299035.42 | BR35: -0.0082787263 | BS35: 296629.69 | BT35: -0.0080449406 | BU35: 295773.72 | BV35: -0.0028856784 | BW35: 294978.52 | BX35: -0.0026885167 | BY35: 293915.58 | BZ35: -0.0036034563 | CA35: 295572.76 | CB35: 0.0056382927 | CC35: 296021.72 | CD35: 0.0015189206 | CE35: 301770.71 | CF35: 0.019420838 | CG35: 300685.82 | CH35: -0.0035950647 | CI35: 307525.39 | CJ35: 0.022746552 | CK35: 311274.04 | CL35: 0.012189732 | CM35: 316408.25 | CN35: 0.016494184 | CO35: 320151.12 | CP35: 0.011829258 | CQ35: 322882.27 | CR35: 0.0085308023 | CS35: 325473.75 | CT35: 0.0080260724 | CU35: 326709.72 | CV35: 0.0037974506 | CW35: 327963.1 | CX35: 0.0038363757 | CY35: 327066.62 | CZ35: -0.0027334649 | DA35: 324951.85 | DB35: -0.006465885 | DC35: 324925.26 | DD35: -8.1831158e-05 | DE35: 327895.29 | DF35: 0.0091406731 | DG35: 326994.16 | DH35: -0.0027482224 | DI35: 327112.92 | DJ35: 0.00036316678 | DK35: 326178.8 | DL35: -0.0028556533 | DM35: 326766.01 | DN35: 0.0018002923 | DO35: 327798.27 | DP35: 0.0031590105 | DQ35: 332381.78 | DR35: 0.013982723 | DS35: 336469.07 | DT35: 0.012296965 | DU35: 335447.96 | DV35: -0.0030347757 | DW35: 337436.09 | DX35: 0.0059267828 | DY35: 340908.65 | DZ35: 0.010291008 | EA35: 344135.97 | EB35: 0.0094668406 | EC35: 346148.29 | ED35: 0.0058474435 | EE35: 347494.21 | EF35: 0.0038882693
B36: Южный | C36: 194781.37 | D36: 0 | E36: 196955.88 | F36: 0.011163836 | G36: 198242.43 | H36: 0.0065321628 | I36: 198537.21 | J36: 0.0014869524 | K36: 197965.85 | L36: -0.0028778255 | M36: 198828.69 | N36: 0.0043585246 | O36: 201862.54 | P36: 0.015258643 | Q36: 206029.5 | R36: 0.020642536 | S36: 213104.89 | T36: 0.034341655 | U36: 220071.71 | V36: 0.032691939 | W36: 224172.18 | X36: 0.018632447 | Y36: 229702.25 | Z36: 0.024668862 | AA36: 227762 | AB36: -0.0084468162 | AC36: 235586.81 | AD36: 0.034355224 | AE36: 240115.28 | AF36: 0.019222072 | AG36: 243481.25 | AH36: 0.014018148 | AI36: 238147.17 | AJ36: -0.021907553 | AK36: 251078.99 | AL36: 0.054301765 | AM36: 255337.31 | AN36: 0.016960099 | AO36: 257160.38 | AP36: 0.0071398631 | AQ36: 260881.01 | AR36: 0.014468118 | AS36: 265469.07 | AT36: 0.017586782 | AU36: 271211.71 | AV36: 0.021632047 | AW36: 276059.7 | AX36: 0.017875291 | AY36: 279253.83 | AZ36: 0.011570447 | BA36: 289946.49 | BB36: 0.038290109 | BC36: 293908.63 | BD36: 0.013665058 | BE36: 290264.33 | BF36: -0.012399425 | BG36: 285898.24 | BH36: -0.015041747 | BI36: 283666.13 | BJ36: -0.0078073642 | BK36: 282502.13 | BL36: -0.0041034158 | BM36: 283201.7 | BN36: 0.002476311 | BO36: 278112.62 | BP36: -0.017969799 | BQ36: 274615.69 | BR36: -0.01257378 | BS36: 272147.78 | BT36: -0.0089867788 | BU36: 271771.28 | BV36: -0.0013834317 | BW36: 271944.72 | BX36: 0.00063815404 | BY36: 271339.63 | BZ36: -0.0022250387 | CA36: 271537.54 | CB36: 0.00072939062 | CC36: 271854.9 | CD36: 0.0011687691 | CE36: 273530.19 | CF36: 0.0061624177 | CG36: 279327.91 | CH36: 0.021195914 | CI36: 286060.81 | CJ36: 0.024103929 | CK36: 290822.91 | CL36: 0.016647169 | CM36: 298066.19 | CN36: 0.024906155 | CO36: 303855.4 | CP36: 0.019422549 | CQ36: 303967.26 | CR36: 0.00036812292 | CS36: 303769.06 | CT36: -0.00065202852 | CU36: 306396.68 | CV36: 0.0086500706 | CW36: 304233.77 | CX36: -0.0070591802 | CY36: 302940.21 | CZ36: -0.0042518706 | DA36: 301699.61 | DB36: -0.0040952202 | DC36: 304341.84 | DD36: 0.0087578336 | DE36: 304079.88 | DF36: -0.00086074014 | DG36: 303447.72 | DH36: -0.0020789364 | DI36: 302361.06 | DJ36: -0.0035810282 | DK36: 301726.03 | DL36: -0.0021002564 | DM36: 301663.86 | DN36: -0.00020603159 | DO36: 303084.12 | DP36: 0.0047080759 | DQ36: 306610.88 | DR36: 0.011636257 | DS36: 308569.72 | DT36: 0.0063886645 | DU36: 311004.04 | DV36: 0.0078890461 | DW36: 312715.54 | DX36: 0.0055031565 | DY36: 314571.81 | DZ36: 0.0059359581 | EA36: 313996.78 | EB36: -0.0018279757 | EC36: 317123.17 | ED36: 0.0099567696 | EE36: 319461.35 | EF36: 0.0073730992
B37: Зеленоградский АО | C37: 0 | D37: 0 | E37: 0 | F37: 0 | G37: 0 | H37: 0 | I37: 0 | J37: 0 | K37: 0 | L37: 0 | M37: 0 | N37: 0 | O37: 0 | P37: 0 | Q37: 0 | R37: 0 | S37: 0 | T37: 0 | U37: 0 | V37: 0 | W37: 0 | X37: 0 | Y37: 0 | Z37: 0 | AA37: 0 | AB37: 0 | AC37: 0 | AD37: 0 | AE37: 0 | AF37: 0 | AG37: 180670.99 | AH37: 0 | AI37: 181631.43 | AJ37: 0.0053159889 | AK37: 0 | AL37: -1 | AM37: 0 | AN37: 0 | AO37: 0 | AP37: 0 | AQ37: 0 | AR37: 0 | AS37: 0 | AT37: 0 | AU37: 217795.97 | AV37: 0 | AW37: 221735.64 | AX37: 0.018088808 | AY37: 223597.35 | AZ37: 0.0083960671 | BA37: 226435.24 | BB37: 0.012691963 | BC37: 227738.36 | BD37: 0.0057549634 | BE37: 223917.71 | BF37: -0.016776507 | BG37: 220589.89 | BH37: -0.014861804 | BI37: 216946.66 | BJ37: -0.016515851 | BK37: 217039.43 | BL37: 0.00042764324 | BM37: 213455.5 | BN37: -0.01651283 | BO37: 208951.37 | BP37: -0.021101041 | BQ37: 204943.36 | BR37: -0.019181546 | BS37: 204795.38 | BT37: -0.00072204975 | BU37: 206752.48 | BV37: 0.0095563753 | BW37: 207768.78 | BX37: 0.0049155735 | BY37: 207448.01 | BZ37: -0.0015439174 | CA37: 207419.94 | CB37: -0.00013530402 | CC37: 208176.03 | CD37: 0.0036452434 | CE37: 209095.04 | CF37: 0.0044145706 | CG37: 212092.44 | CH37: 0.014335087 | CI37: 214908.1 | CJ37: 0.013275633 | CK37: 219956.47 | CL37: 0.023490854 | CM37: 223456.55 | CN37: 0.01591257 | CO37: 225234.25 | CP37: 0.0079554753 | CQ37: 226777.42 | CR37: 0.0068513838 | CS37: 230182.96 | CT37: 0.015017139 | CU37: 230612.06 | CV37: 0.001864174 | CW37: 232579.12 | CX37: 0.0085296969 | CY37: 234785.75 | CZ37: 0.0094876878 | DA37: 235753.91 | DB37: 0.0041235738 | DC37: 232613.27 | DD37: -0.01332168 | DE37: 232129.09 | DF37: -0.0020814884 | DG37: 231044.55 | DH37: -0.0046721346 | DI37: 229631.84 | DJ37: -0.0061144414 | DK37: 229642.63 | DL37: 4.6957995e-05 | DM37: 231908.98 | DN37: 0.0098690505 | DO37: 235089.08 | DP37: 0.013712707 | DQ37: 237678.03 | DR37: 0.011012615 | DS37: 241788.5 | DT37: 0.017294293 | DU37: 244944.75 | DV37: 0.013053751 | DW37: 244519.15 | DX37: -0.0017375168 | DY37: 244800.53 | DZ37: 0.0011507279 | EA37: 247106.66 | EB37: 0.0094204734 | EC37: 246169.1 | ED37: -0.0037941503 | EE37: 245622.21 | EF37: -0.0022215986

Sheet Лист1
E3: Восточный | F3: 287409.28 | G3: 295857.64 | H3: =G3/F3-1 -> 0.029394855 | I3: =G3-F3 -> 8448.3543
E4: Западный | F4: 363986.05 | G4: 368955.45 | H4: =G4/F4-1 -> 0.013652726 | I4: =G4-F4 -> 4969.4018
E5: Новомосковский | F5: 240619.63 | G5: 239605.44 | H5: =G5/F5-1 -> -0.0042149172 | I5: =G5-F5 -> -1014.1918
E6: Северный | F6: 330487.44 | G6: 338936 | H6: =G6/F6-1 -> 0.02556394 | I6: =G6-F6 -> 8448.561
E7: Северо-Восточный | F7: 304404.81 | G7: 313831.97 | H7: =G7/F7-1 -> 0.030969173 | I7: =G7-F7 -> 9427.1651
E8: Северо-Западный | F8: 333453.58 | G8: 335102.61 | H8: =G8/F8-1 -> 0.0049452881 | I8: =G8-F8 -> 1649.024
E9: Троицкий | F9: 179482.84 | G9: 183225.25 | H9: =G9/F9-1 -> 0.02085105 | I9: =G9-F9 -> 3742.4057
E10: Центральный | F10: 623394.62 | G10: 675010.45 | H10: =G10/F10-1 -> 0.082798005 | I10: =G10-F10 -> 51615.831
E11: Юго-Восточный | F11: 281875.82 | G11: 286213.87 | H11: =G11/F11-1 -> 0.015389961 | I11: =G11-F11 -> 4338.0577
E12: Юго-Западный | F12: 327112.92 | G12: 336469.07 | H12: =G12/F12-1 -> 0.028602211 | I12: =G12-F12 -> 9356.1527
E13: Южный | F13: 302361.06 | G13: 308569.72 | H13: =G13/F13-1 -> 0.020533908 | I13: =G13-F13 -> 6208.6543
E14: Зеленоградский АО | F14: 229631.84 | G14: 241788.5 | H14: =G14/F14-1 -> 0.052939767 | I14: =G14-F14 -> 12156.656

Sheet К прошлому месяцу
A1: Объем предложения по административным округам Москвы
A3: Месяц | B3: авг | E3: Месяц | F3: авг
A4: Годы | B4: 2025 | E4: Год | F4: 2025 | H4: Средняя взвешенная цена квадратного метра по административным округам Москвы
A6: Округ | B6: Объем | C6: Изменение | E6: Округ | F6: Цена | G6: Изменение
A7: Восточный | B7: 3771 | C7: -0.031587057 | E7: Восточный | F7: 301401.54 | G7: -0.0012197246
A8: Западный | B8: 4115 | C8: -0.0021823472 | E8: Западный | F8: 390426.86 | G8: 0.020027905
A9: Северный | B9: 3596 | C9: -0.0027731559 | E9: Северный | F9: 348719.97 | G9: 0.0037453717
A10: Северо-Восточный | B10: 3408 | C10: 0.00058719906 | E10: Северо-Восточный | F10: 321601.44 | G10: 0.00025062422
A11: Северо-Западный | B11: 2270 | C11: 0.0066518847 | E11: Северо-Западный | F11: 341954.07 | G11: 0.0039958797
A12: Центральный | B12: 4466 | C12: -0.007114273 | E12: Центральный | F12: 691577.06 | G12: -0.0072880181
A13: Юго-Восточный | B13: 3588 | C13: 0.01241535 | E13: Юго-Восточный | F13: 293796.86 | G13: 0.01323976
A14: Юго-Западный | B14: 3801 | C14: -0.017067494 | E14: Юго-Западный | F14: 347494.21 | G14: 0.0038882693
A15: Южный | B15: 3865 | C15: -0.018786494 | E15: Южный | F15: 319461.35 | G15: 0.0073730992

Sheet К прошлому году
B1: Изменение цены относительно месяца 2023 года
B3: Цена | C3: Год | D3: Месяц
C4: 2023 | D4: 2024 | E4: 2025
B5: Округ | C5: авг | D5: авг | E5: авг
B6: ВАО | C6: 271753.43 | D6: 286025.57 | E6: 301401.54
B7: ЗАО | C7: 340731.1 | D7: 365128.2 | E7: 390426.86
B8: НАО | C8: 220945.65 | D8: 246027.26 | E8: 237173.08
B9: САО | C9: 314128.72 | D9: 331132.64 | E9: 348719.97
B10: СВАО | C10: 291580.61 | D10: 304370.83 | E10: 321601.44
B11: СЗАО | C11: 315410.98 | D11: 332583.65 | E11: 341954.07
B12: ЦАО | C12: 574623.85 | D12: 619052.45 | E12: 691577.06
B13: ЮВАО | C13: 265768.54 | D13: 282380.45 | E13: 293796.86
B14: ЮЗАО | C14: 307525.39 | D14: 326994.16 | E14: 347494.21
B15: ЮАО | C15: 286060.81 | D15: 303447.72 | E15: 319461.35

Sheet Динамика
B2: Динамика цен выставления по административным округам Москвы
B6: Сумма по полю Средневзвешенная цена | D6: Округ
B7: Год | C7: Месяц | D7: Восточный АО | E7: Западный АО | F7: Новомосковский | G7: Северный АО | H7: Северо-Восточный АО | I7: Северо-Западный АО | J7: Юго-Восточный АО | K7: Юго-Западный АО | L7: Южный АО
B8: 2021 | C8: янв | D8: 222408.36 | E8: 288669.42 | F8: 169893.75 | G8: 254214.56 | H8: 226980.95 | I8: 252079.08 | J8: 207722.83 | K8: 252676.77 | L8: 229702.25
C9: фев | D9: 224060 | E9: 290704 | F9: 166469 | G9: 250175 | H9: 227817 | I9: 249379 | J9: 208923 | K9: 251521 | L9: 227762
C10: мар | D10: 229760.21 | E10: 294686.3 | F10: 170101.71 | G10: 255178.5 | H10: 230654 | I10: 256057.23 | J10: 214923.25 | K10: 257717.4 | L10: 235586.81
C11: апр | D11: 231824.1 | E11: 299003.2 | F11: 171331.38 | G11: 262834 | H11: 232671 | I11: 259971.78 | J11: 214656 | K11: 263055.17 | L11: 240115.28
C12: май | D12: 236146.75 | E12: 303562.77 | F12: 185143.77 | G12: 270519.52 | H12: 242760 | I12: 264259.31 | J12: 223160.26 | K12: 267496.64 | L12: 243481.25
C13: июн | D13: 230983.15 | E13: 307644.75 | F13: 185631.43 | G13: 271639.91 | H13: 250087.88 | I13: 263638.93 | J13: 221907.46 | K13: 267714.09 | L13: 238147.17
C14: июл | D14: 239462 | E14: 307365.88 | F14: 189270 | G14: 279829.87 | H14: 258704 | I14: 270586.86 | J14: 231525.02 | K14: 274500.02 | L14: 251078.99
C15: авг | D15: 243817.9 | E15: 313986.36 | F15: 190978.59 | G15: 285267.26 | H15: 262066.97 | I15: 273464.64 | J15: 236217.44 | K15: 279971.03 | L15: 255337.31
C16: сен | D16: 249485.84 | E16: 318405.33 | F16: 191949.76 | G16: 288234.29 | H16: 267543.33 | I16: 278765.99 | J16: 240456.28 | K16: 284425.1 | L16: 257160.38
C17: окт | D17: 253346.33 | E17: 321496.05 | F17: 199505.42 | G17: 290471.22 | H17: 271461.21 | I17: 285228.91 | J17: 244291.87 | K17: 287414.24 | L17: 260881.01
C18: ноя | D18: 256232 | E18: 326170 | F18: 204239.19 | G18: 293787 | H18: 275176.25 | I18: 289711.73 | J18: 248434.7 | K18: 291686.34 | L18: 265469.07
C19: дек | D19: 258976.4 | E19: 330302.86 | F19: 207782.73 | G19: 298124.97 | H19: 279581.37 | I19: 292388.13 | J19: 250776.5 | K19: 295671.38 | L19: 271211.71
B20: 2022 | C20: янв | D20: 267946.63 | E20: 340527.34 | F20: 209952.13 | G20: 301307.6 | H20: 283948.77 | I20: 301531.94 | J20: 257687.7 | K20: 301752.71 | L20: 276059.7
C21: фев | D21: 270974.11 | E21: 346948.19 | F21: 212581.94 | G21: 306540.33 | H21: 287890.36 | I21: 306505.33 | J21: 262051.62 | K21: 307307.37 | L21: 279253.83
C22: мар | D22: 278463.86 | E22: 363085.51 | F22: 221724.67 | G22: 320968.52 | H22: 296364.8 | I22: 317477.8 | J22: 270818.45 | K22: 320210.03 | L22: 289946.49
C23: апр | D23: 280226.02 | E23: 367420.53 | F23: 224159.74 | G23: 327258.35 | H23: 297827.46 | I23: 317865.33 | J23: 273327.72 | K23: 324283.56 | L23: 293908.63
C24: май | D24: 275858.13 | E24: 359294.43 | F24: 224950.52 | G24: 321220.19 | H24: 293393.43 | I24: 314491.07 | J24: 270054.67 | K24: 318190.27 | L24: 290264.33
C25: июн | D25: 272522.22 | E25: 348500.66 | F25: 223068.02 | G25: 314573.91 | H25: 294060.66 | I25: 306747.45 | J25: 265723.44 | K25: 312344.65 | L25: 285898.24
C26: июл | D26: 269980.53 | E26: 343912.83 | F26: 218829.21 | G26: 308423.62 | H26: 288945.8 | I26: 302028.76 | J26: 263884.02 | K26: 309244.13 | L26: 283666.13
C27: авг | D27: 268038.25 | E27: 340004.23 | F27: 217394.8 | G27: 308092.56 | H27: 286930.18 | I27: 301502.59 | J27: 263479.18 | K27: 308834.38 | L27: 282502.13
C28: сен | D28: 266117.44 | E28: 336424.3 | F28: 219142.34 | G28: 307037.09 | H28: 285504.27 | I28: 299742.18 | J28: 262155.1 | K28: 306233.12 | L28: 283201.7
C29: окт | D29: 261889.19 | E29: 330306.84 | F29: 218235.14 | G29: 301857.9 | H29: 281794.2 | I29: 295218.11 | J29: 259166.25 | K29: 301531.72 | L29: 278112.62
C30: ноя | D30: 258588.98 | E30: 326518.67 | F30: 213383.54 | G30: 298853.76 | H30: 278597.23 | I30: 290013.11 | J30: 255999.52 | K30: 299035.42 | L30: 274615.69
C31: дек | D31: 258297.77 | E31: 324768.07 | F31: 213351.93 | G31: 296416.33 | H31: 275840.22 | I31: 289305.57 | J31: 253290.12 | K31: 296629.69 | L31: 272147.78
B32: 2023 | C32: янв | D32: 259332.92 | E32: 326279.83 | F32: 214267.88 | G32: 296895.24 | H32: 275615.1 | I32: 290651.05 | J32: 252980.29 | K32: 295773.72 | L32: 271771.28
C33: фев | D33: 259473.59 | E33: 322496.15 | F33: 215088.57 | G33: 297406.95 | H33: 276820.28 | I33: 289313.35 | J33: 252497.74 | K33: 294978.52 | L33: 271944.72
C34: мар | D34: 259217.51 | E34: 325831.63 | F34: 216997.25 | G34: 298460.6 | H34: 277437.93 | I34: 291927 | J34: 251723.64 | K34: 293915.58 | L34: 271339.63
C35: апр | D35: 260149.97 | E35: 326518.58 | F35: 216056.47 | G35: 299938.94 | H35: 277858.92 | I35: 294542.43 | J35: 253205.29 | K35: 295572.76 | L35: 271537.54
C36: май | D36: 262704.28 | E36: 327429.41 | F36: 213370.63 | G36: 300379.37 | H36: 279150.4 | I36: 297107.99 | J36: 255249.24 | K36: 296021.72 | L36: 271854.9
C37: июн | D37: 265501.57 | E37: 328390.29 | F37: 214974.23 | G37: 303225.99 | H37: 279539.77 | I37: 301766 | J37: 256861.98 | K37: 301770.71 | L37: 273530.19
C38: июл | D38: 266289.45 | E38: 333528.81 | F38: 218059.79 | G38: 307368.1 | H38: 284347.04 | I38: 307084.68 | J38: 259040.21 | K38: 300685.82 | L38: 279327.91
C39: авг | D39: 271753.43 | E39: 340731.1 | F39: 220945.65 | G39: 314128.72 | H39: 291580.61 | I39: 315410.98 | J39: 265768.54 | K39: 307525.39 | L39: 286060.81
C40: сен | D40: 277235.93 | E40: 349255.28 | F40: 224057.94 | G40: 321168.54 | H40: 294447.35 | I40: 319495.38 | J40: 271223.36 | K40: 311274.04 | L40: 290822.91
C41: окт | D41: 282293.97 | E41: 352808.02 | F41: 224930.66 | G41: 323237.11 | H41: 297704.72 | I41: 322172.25 | J41: 274114.75 | K41: 316408.25 | L41: 298066.19
C42: ноя | D42: 283897.25 | E42: 358307.04 | F42: 225511.97 | G42: 326254.4 | H42: 299211.43 | I42: 330385.81 | J42: 277276.17 | K42: 320151.12 | L42: 303855.4
C43: дек | D43: 284566.58 | E43: 361334.58 | F43: 225208.2 | G43: 328426.97 | H43: 301104.79 | I43: 331229.34 | J43: 279706.17 | K43: 322882.27 | L43: 303967.26 | X43: 283897.25 | Y43: 358307.04 | Z43: 225511.97 | AA43: 326254.4 | AB43: 299211.43 | AC43: 330385.81 | AD43: 277276.17 | AE43: 320151.12 | AF43: 303855.4
B44: 2024 | C44: янв | D44: 289262.51 | E44: 363757.26 | F44: 227814.42 | G44: 328810.33 | H44: 303900.31 | I44: 331327.56 | J44: 281744.1 | K44: 325473.75 | L44: 303769.06 | X44: 289091.93 | Y44: 364445.73 | Z44: 244208.32 | AA44: 331672.09 | AB44: 305179.86 | AC44: 327399.52 | AD44: 279884.09 | AE44: 326766.01 | AF44: 301663.86
C45: фев | D45: 289294.04 | E45: 365488.46 | F45: 229921.29 | G45: 330143.53 | H45: 304797.92 | I45: 332830.34 | J45: 283273.2 | K45: 326709.72 | L45: 306396.68
C46: мар | D46: 288247.75 | E46: 364124.99 | F46: 229030.49 | G46: 330494.81 | H46: 305786.9 | I46: 332550.31 | J46: 283523.3 | K46: 327963.1 | L46: 304233.77 | X46: =X44/X43-1 -> 0.018297757 | Y46: =Y44/Y43-1 -> 0.01713248 | Z46: =Z44/Z43-1 -> 0.082906277 | AA46: =AA44/AA43-1 -> 0.016605698 | AB46: =AB44/AB43-1 -> 0.019947206 | AC46: =AC44/AC43-1 -> -0.0090388013 | AD46: =AD44/AD43-1 -> 0.0094054789 | AE46: =AE44/AE43-1 -> 0.020661767 | AF46: =AF44/AF43-1 -> -0.0072124339
C47: апр | D47: 288479.34 | E47: 368219.19 | F47: 227357.98 | G47: 329507.2 | H47: 303756.43 | I47: 335124.98 | J47: 283163 | K47: 327066.62 | L47: 302940.21
C48: май | D48: 288968.1 | E48: 368799.48 | F48: 226554.23 | G48: 329242.59 | H48: 302621.59 | I48: 333732.17 | J48: 283544.87 | K48: 324951.85 | L48: 301699.61
C49: июн | D49: 287676.33 | E49: 365693.23 | F49: 237888.03 | G49: 330942.84 | H49: 303820.54 | I49: 333764.65 | J49: 284380.37 | K49: 324925.26 | L49: 304341.84
C50: июл | D50: 286793.21 | E50: 365502.59 | F50: 247623.3 | G50: 330336.18 | H50: 305159.31 | I50: 336614.32 | J50: 282743.66 | K50: 327895.29 | L50: 304079.88
C51: авг | D51: 286025.57 | E51: 365128.2 | F51: 246027.26 | G51: 331132.64 | H51: 304370.83 | I51: 332583.65 | J51: 282380.45 | K51: 326994.16 | L51: 303447.72
C52: сен | D52: 287409.28 | E52: 363986.05 | F52: 240619.63 | G52: 330487.44 | H52: 304404.81 | I52: 333453.58 | J52: 281875.82 | K52: 327112.92 | L52: 302361.06
C53: окт | D53: 288992.82 | E53: 362538.3 | F53: 241863.84 | G53: 330183.05 | H53: 306631.18 | I53: 328142.68 | J53: 280412.24 | K53: 326178.8 | L53: 301726.03
C54: ноя | D54: 289091.93 | E54: 364445.73 | F54: 244208.32 | G54: 331672.09 | H54: 305179.86 | I54: 327399.52 | J54: 279884.09 | K54: 326766.01 | L54: 301663.86
C55: дек | D55: 289980.25 | E55: 369502.28 | F55: 238674.72 | G55: 336113.4 | H55: 306243.98 | I55: 328522 | J55: 279876.38 | K55: 327798.27 | L55: 303084.12
B56: 2025 | C56: янв | D56: 292003.79 | E56: 368329.73 | F56: 240406.93 | G56: 338682.92 | H56: 310326.19 | I56: 334847.28 | J56: 283657.11 | K56: 332381.78 | L56: 306610.88
C57: фев | D57: 295857.64 | E57: 368955.45 | F57: 239605.44 | G57: 338936 | H57: 313831.97 | I57: 335102.61 | J57: 286213.87 | K57: 336469.07 | L57: 308569.72
C58: мар | D58: 296711.33 | E58: 371943.62 | F58: 241066.21 | G58: 341724.36 | H58: 316327.06 | I58: 336597.13 | J58: 285943.11 | K58: 335447.96 | L58: 311004.04
C59: апр | D59: 297368.21 | E59: 376505.27 | F59: 240027.52 | G59: 343250.62 | H59: 314724.05 | I59: 335750.18 | J59: 286221.32 | K59: 337436.09 | L59: 312715.54
C60: май | D60: 299179.83 | E60: 379696.24 | F60: 240633.22 | G60: 344838.07 | H60: 315255.16 | I60: 336790.17 | J60: 288195.51 | K60: 340908.65 | L60: 314571.81
C61: июн | D61: 300411.15 | E61: 386488.58 | F61: 238893.67 | G61: 344945.8 | H61: 319672.09 | I61: 336678.3 | J61: 288286.6 | K61: 344135.97 | L61: 313996.78
C62: июл | D62: 301769.61 | E62: 382760.96 | F62: 237231.21 | G62: 347418.75 | H62: 321520.86 | I62: 340593.1 | J62: 289957.89 | K62: 346148.29 | L62: 317123.17
C63: авг | D63: 301401.54 | E63: 390426.86 | F63: 237173.08 | G63: 348719.97 | H63: 321601.44 | I63: 341954.07 | J63: 293796.86 | K63: 347494.21 | L63: 319461.35

Sheet Объем
A1: Динамика объема предложения | G1: Динамика объема предложения по годам
G2: объем предложения | H2: Названия столбцов
A3: Названия строк | B3: объем предложения | G3: Названия строк | H3: 2020 | I3: 2021 | J3: 2022 | K3: 2023 | L3: 2024 | M3: 2025
A4: 2021 | G4: янв | I4: 33696 | J4: 34055 | K4: 46290 | L4: 34722 | M4: 35988
A5: янв | B5: 33696 | G5: фев | H5: 51138 | I5: 36928 | J5: 37351 | K5: 48705 | L5: 38847 | M5: 37022
A6: фев | B6: 36928 | G6: мар | H6: 49623 | I6: 40098.84 | J6: 35749 | K6: 51354 | L6: 40695 | M6: 37437
A7: мар | B7: 40098.84 | G7: апр | H7: 35935 | I7: 39674 | J7: 32227 | K7: 48817 | L7: 41463 | M7: 36697
A8: апр | B8: 39674 | G8: май | H8: 40051 | I8: 39139 | J8: 35606 | K8: 47660 | L8: 41191 | M8: 36941
A9: май | B9: 39139 | G9: июн | H9: 45138 | I9: 39250 | J9: 40367 | K9: 46252 | L9: 42751 | M9: 34708
A10: июн | B10: 39250 | G10: июл | H10: 44816 | I10: 38946 | J10: 43364 | K10: 43280 | L10: 43920 | M10: 35695
A11: июл | B11: 38946 | G11: авг | H11: 43874 | I11: 37677 | J11: 44486 | K11: 41050 | L11: 44771 | M11: 35274
A12: авг | B12: 37677 | G12: сен | H12: 42617 | I12: 39371.87 | J12: 49091 | K12: 38632 | L12: 45297
A13: сен | B13: 39371.87 | G13: окт | H13: 40044 | I13: 40320 | J13: 50851 | K13: 37552 | L13: 46503.27
A14: окт | B14: 40320 | G14: ноя | H14: 36531 | I14: 38654 | J14: 50186 | K14: 37865 | L14: 45781
A15: ноя | B15: 38654 | G15: дек | H15: 33045 | I15: 36939 | J15: 48354 | K15: 34799 | L15: 40105
A16: дек | B16: 36939
A17: 2022
A18: янв | B18: 34055
A19: фев | B19: 37351
A20: мар | B20: 35749
A21: апр | B21: 32227
A22: май | B22: 35606
A23: июн | B23: 40367
A24: июл | B24: 43364
A25: авг | B25: 44486
A26: сен | B26: 49091
A27: окт | B27: 50851
A28: ноя | B28: 50186
A29: дек | B29: 48354
A30: 2023
A31: янв | B31: 46290
A32: фев | B32: 48705
A33: мар | B33: 51354
A34: апр | B34: 48817
A35: май | B35: 47660
A36: июн | B36: 46252
A37: июл | B37: 43280
A38: авг | B38: 41050 | G38: май | H38: 40051 | I38: 39139 | J38: 35606 | K38: 47660 | L38: 41191 | M38: 36941
A39: сен | B39: 38632 | G39: июн | H39: 45138 | I39: 39250 | J39: 40367 | K39: 46252 | L39: 42751 | M39: 34708
A40: окт | B40: 37552
A41: ноя | B41: 37865
A42: дек | B42: 34799 | H42: =H39/H38-1 -> 0.12701306 | I42: =I39/I38-1 -> 0.0028360459 | J42: =J39/J38-1 -> 0.13371342 | K42: =K39/K38-1 -> -0.029542593 | L42: =L39/L38-1 -> 0.037872351 | M42: =M39/M38-1 -> -0.060447741
A43: 2024
A44: янв | B44: 34722
A45: фев | B45: 38847
A46: мар | B46: 40695
A47: апр | B47: 41463
A48: май | B48: 41191
A49: июн | B49: 42751
A50: июл | B50: 43920
A51: авг | B51: 44771
A52: сен | B52: 45297
A53: окт | B53: 46503.27
A54: ноя | B54: 45781
A55: дек | B55: 40105
A56: 2025
A57: янв | B57: 35988
A58: фев | B58: 37022
A59: мар | B59: 37437
A60: апр | B60: 36697
A61: май | B61: 36941
A62: июн | B62: 34708
A63: июл | B63: 35695
A64: авг | B64: 35274

Sheet приложение1 цены
AJ1: =SUM(AE4:AE19) -> 3617 | AK1: 3717 | BJ1: 44531 | BM1: 44562 | BQ1: 44593 | BU1: 44621 | BY1: 44652 | CC1: 44682 | CG1: 44713 | CK1: 44743 | CO1: 44774 | CS1: 44805 | CW1: 44835 | DA1: 44866 | DE1: 44896 | DI1: 44927 | DM1: 44958 | DQ1: 44986 | DU1: 45017 | DY1: 45047 | EC1: 45078 | EG1: 45108 | EK1: 45139 | EO1: 45170 | ES1: 45200 | EW1: 45231 | FA1: 45261 | FE1: 45292 | FI1: 45323 | FM1: 45352 | FQ1: 45383 | FU1: 45413 | FY1: 45444 | GC1: 45474 | GG1: 45505 | GK1: 45536 | GO1: 45566 | GS1: 45597 | GW1: 45627 | HA1: 45658 | HE1: 45689 | HI1: 45717 | HM1: 45748 | HQ1: 45778 | HU1: 45809 | HY1: 45839 | IC1: 45870
B2: цена | C2: кол-во | D2: цена | E2: кол-во | F2: цена | G2: кол-во | H2: цена | I2: кол-во | J2: цена | K2: кол-во | L2: цена | M2: кол-во | N2: цена | O2: кол-во | P2: цена | Q2: кол-во | R2: цена | S2: кол-во | T2: цена | U2: кол-во | V2: цена | W2: кол-во | X2: цена | Y2: кол-во | Z2: цена | AA2: кол-во | AB2: цена | AC2: кол-во | AD2: цена | AE2: кол-во | AF2: цена | AG2: кол-во | AH2: цена | AI2: кол-во | AL2: цена | AM2: кол-во | AN2: цена | AO2: кол-во | AP2: цена | AQ2: кол-во | AS2: цена | AT2: кол-во | AU2: цена | AV2: кол-во | AW2: цена | AX2: кол-во | AY2: цена | AZ2: кол-во | BA2: цена | BB2: кол-во | BD2: цена | BE2: кол-во | BF2: темп прироста цены | BG2: цена | BH2: кол-во | BJ2: цена | BK2: кол-во | BM2: цена | BN2: изм цены | BO2: кол-во | BP2: изм кол-ва | BQ2: цена | BR2: изм цены | BS2: кол-во | BT2: изм кол-ва | BU2: цена | BV2: изм цены | BW2: кол-во | BX2: изм кол-ва | BY2: цена | BZ2: изм цены | CA2: кол-во | CB2: изм кол-ва | CC2: цена | CD2: изм цены | CE2: кол-во | CF2: изм кол-ва | CG2: цена | CH2: изм цены | CI2: кол-во | CJ2: изм кол-ва | CK2: цена | CL2: изм цены | CM2: кол-во | CN2: изм кол-ва | CO2: цена | CP2: изм цены | CQ2: кол-во | CR2: изм кол-ва | CS2: цена | CT2: изм цены | CU2: кол-во | CV2: изм кол-ва | CW2: цена | CX2: изм цены | CY2: кол-во | CZ2: изм кол-ва | DA2: цена | DB2: изм цены | DC2: кол-во | DD2: изм кол-ва | DE2: цена | DF2: изм цены | DG2: кол-во | DH2: изм кол-ва | DI2: цена | DJ2: изм цены | DK2: кол-во | DL2: изм кол-ва | DM2: цена | DN2: изм цены | DO2: кол-во | DP2: изм кол-ва | DQ2: цена | DR2: изм цены | DS2: кол-во | DT2: изм кол-ва | DU2: цена | DV2: изм цены | DW2: кол-во | DX2: изм кол-ва | DY2: цена | DZ2: изм цены | EA2: кол-во | EB2: изм кол-ва | EC2: цена | ED2: изм цены | EE2: кол-во | EF2: изм кол-ва | EG2: цена | EH2: изм цены | EI2: кол-во | EJ2: изм кол-ва | EK2: цена | EL2: изм цены | EM2: кол-во | EN2: изм кол-ва | EO2: цена | EP2: изм цены | EQ2: кол-во | ER2: изм кол-ва | ES2: цена | ET2: изм цены | EU2: кол-во | EV2: изм кол-ва | EW2: цена | EX2: изм цены | EY2: кол-во | EZ2: изм кол-ва | FA2: цена | FB2: изм цены | FC2: кол-во | FD2: изм кол-ва | FE2: цена | FF2: изм цены | FG2: кол-во | FH2: изм кол-ва | FI2: цена | FJ2: изм цены | FK2: кол-во | FL2: изм кол-ва | FM2: цена | FN2: изм цены | FO2: кол-во | FP2: изм кол-ва | FQ2: цена | FR2: изм цены | FS2: кол-во | FT2: изм кол-ва | FU2: цена | FV2: изм цены | FW2: кол-во | FX2: изм кол-ва | FY2: цена | FZ2: изм цены | GA2: кол-во | GB2: изм кол-ва | GC2: цена | GD2: изм цены | GE2: кол-во | GF2: изм кол-ва | GG2: цена | GH2: изм цены | GI2: кол-во | GJ2: изм кол-ва | GK2: цена | GL2: изм цены | GM2: кол-во | GN2: изм кол-ва | GO2: цена | GP2: изм цены | GQ2: кол-во | GR2: изм кол-ва | GS2: цена | GT2: изм цены | GU2: кол-во | GV2: изм кол-ва | GW2: цена | GX2: изм цены | GY2: кол-во | GZ2: изм кол-ва | HA2: цена | HB2: изм цены | HC2: кол-во | HD2: изм кол-ва | HE2: цена | HF2: изм цены | HG2: кол-во | HH2: изм кол-ва | HI2: цена | HJ2: изм цены | HK2: кол-во | HL2: изм кол-ва | HM2: цена | HN2: изм цены | HO2: кол-во | HP2: изм кол-ва | HQ2: цена | HR2: изм цены | HS2: кол-во | HT2: изм кол-ва | HU2: цена | HV2: изм цены | HW2: кол-во | HX2: изм кол-ва | HY2: цена | HZ2: изм цены | IA2: кол-во | IB2: изм кол-ва | IC2: цена | ID2: изм цены | IE2: кол-во | IF2: изм кол-ва
A3: ВОСТОЧНЫЙ АО
A4: Богородское | B4: 193654.03 | C4: 338 | D4: 193368 | E4: 307 | F4: 195861.46 | G4: 212 | H4: 198562.29 | I4: 246 | J4: 198421.95 | K4: 308 | L4: 200192.66 | M4: 312 | N4: 204473.75 | O4: 312 | P4: 209607.11 | Q4: 336 | R4: 216606.13 | S4: 322 | T4: 220789.48 | U4: 279 | V4: 226564.08 | W4: 251 | X4: 227366.77 | Y4: 232 | Z4: 232993.47 | AA4: 257 | AB4: 238277.99 | AC4: 277 | AD4: 241630.33 | AE4: 264 | AF4: =AD4/X4-1 -> 0.062733684 | AG4: =AE4/$AJ$1 -> 0.072988665 | AH4: =#REF!*AG4 -> #REF! | AI4: =AE4+AH4 -> #REF! | AL4: 245185.09 | AR4: 296 | AS4: 307 | AT4: 246029.1 | AU4: =AT4/AL4-1 -> 0.0034423477 | AV4: 305 | AW4: 252747.42 | AX4: 323 | AY4: 259871.2 | AZ4: 300 | BA4: 261060 | BB4: 305 | BC4: =BA4/AY4-1 -> 0.0045745806 | BD4: 318 | BE4: 265629.34 | BF4: =BE4/BA4-1 -> 0.017503011 | BG4: 346 | BH4: 265147.71 | BI4: =BH4/BE4-1 -> -0.001813142 | BJ4: 313 | BK4: 271658.1 | BL4: =BK4/BH4-1 -> 0.024553807 | BM4: 273954.93 | BN4: =BM4/BK4-1 -> 0.0084548595 | BO4: 309 | BP4: =BO4/BJ4-1 -> -0.012779553 | BQ4: 275810.39 | BR4: =IFERROR(BQ4/BM4-1,"") -> 0.0067728642 | BS4: 347 | BT4: =IFERROR(BS4/BO4-1,"") -> 0.12297735 | BU4: 281202.63 | BV4: =BU4/BQ4-1 -> 0.019550523 | BW4: 276 | BX4: =BW4/BS4-1 -> -0.20461095 | BY4: 284856.88 | BZ4: =BY4/BU4-1 -> 0.012995075 | CA4: 252 | CB4: =CA4/BW4-1 -> -0.086956522 | CC4: 283364.28 | CD4: =CC4/BY4-1 -> -0.0052398128 | CE4: 306 | CF4: =CE4/CA4-1 -> 0.21428571 | CG4: 286916.25 | CH4: =CG4/CC4-1 -> 0.01253501 | CI4: 372 | CJ4: =CI4/CE4-1 -> 0.21568627 | CK4: 288430.84 | CL4: =CK4/CG4-1 -> 0.005278833 | CM4: 395 | CN4: =CM4/CI4-1 -> 0.061827957 | CO4: 286254.07 | CP4: -0.0075469247 | CQ4: 394 | CR4: -0.0025316456 | CS4: 286071.29 | CT4: =IFERROR(CS4/CO4-1,"") -> -0.00063852372 | CU4: 443 | CV4: =IFERROR(CU4/CQ4-1,"") -> 0.12436548 | CW4: 280845.55 | CX4: =IFERROR(CW4/CS4-1,"") -> -0.01826727 | CY4: 443 | CZ4: =IFERROR(CY4/CU4-1,"") -> 0 | DA4: 276280.6 | DB4: =IFERROR(DA4/CW4-1,"") -> -0.016254323 | DC4: 426 | DD4: =IFERROR(DC4/CY4-1,"") -> -0.038374718 | DE4: 281000.64 | DF4: =IFERROR(DE4/DA4-1,"") -> 0.017084232 | DG4: 419 | DH4: =IFERROR(DG4/DC4-1,"") -> -0.016431925 | DI4: 283648.27 | DJ4: =IFERROR(DI4/DE4-1,"") -> 0.0094221743 | DK4: 400 | DL4: =IFERROR(DK4/DG4-1,"") -> -0.045346062 | DM4: 278261.9 | DN4: =IFERROR(DM4/DI4-1,"") -> -0.018989629 | DO4: 408 | DP4: =IFERROR(DO4/DK4-1,"") -> 0.02 | DQ4: 278082.12 | DR4: =IFERROR(DQ4/DM4-1,"") -> -0.00064609055 | DS4: 407 | DT4: =IFERROR(DS4/DO4-1,"") -> -0.0024509804 | DU4: 280822.92 | DV4: =IFERROR(DU4/DQ4-1,"") -> 0.0098560913 | DW4: 403 | DX4: =IFERROR(DW4/DS4-1,"") -> -0.0098280098 | DY4: 284586.17 | DZ4: =IFERROR(DY4/DU4-1,"") -> 0.013400811 | EA4: 410 | EB4: =IFERROR(EA4/DW4-1,"") -> 0.017369727 | EC4: 288576.22 | ED4: =IFERROR(EC4/DY4-1,"") -> 0.01402052 | EE4: =IFERROR(VLOOKUP($A4,[1]Москва_продажа_районы!$C$2:$F$148,2,0),"") -> 376 | EF4: -0.082926829 | EG4: 286885.61 | EH4: =IFERROR(EG4/EC4-1,"") -> -0.0058584398 | EI4: =IFERROR(VLOOKUP($A4,[2]Москва_продажа_районы!$C$2:$F$150,2,0),"") -> 337 | EJ4: -0.1037234 | EK4: 294840.69 | EL4: =IFERROR(EK4/EG4-1,"") -> 0.027729095 | EM4: 299 | EN4: =IFERROR(EM4/EI4-1,"") -> -0.11275964 | EO4: 299166.8 | EP4: =IFERROR(EO4/EK4-1,"") -> 0.014672696 | EQ4: 296 | ER4: =IFERROR(EQ4/EM4-1,"") -> -0.010033445 | ES4: 307237.28 | ET4: =IFERROR(ES4/EO4-1,"") -> 0.026976529 | EU4: 318 | EV4: =IFERROR(EU4/EQ4-1,"") -> 0.074324324 | EW4: 306933.39 | EX4: =IFERROR(EW4/ES4-1,"") -> -0.00098911464 | EY4: 323 | EZ4: =IFERROR(EY4/EU4-1,"") -> 0.01572327 | FA4: 304914.37 | FB4: =IFERROR(FA4/EW4-1,"") -> -0.0065780253 | FC4: 268 | FD4: =IFERROR(FC4/EY4-1,"") -> -0.17027864 | FE4: 303536.43 | FF4: =IFERROR(FE4/FA4-1,"") -> -0.0045191232 | FG4: 276 | FH4: =IFERROR(FG4/FC4-1,"") -> 0.029850746 | FI4: 306816.9 | FJ4: =IFERROR(FI4/FE4-1,"") -> 0.010807497 | FK4: 318 | FL4: =IFERROR(FK4/FG4-1,"") -> 0.15217391 | FM4: 308204.12 | FN4: =IFERROR(FM4/FI4-1,"") -> 0.0045213402 | FO4: 350 | FP4: =IFERROR(FO4/FK4-1,"") -> 0.10062893 | FQ4: 306289.87 | FR4: =IFERROR(FQ4/FM4-1,"") -> -0.0062109642 | FS4: 365 | FT4: =IFERROR(FS4/FO4-1,"") -> 0.042857143 | FU4: 308001.86 | FV4: =IFERROR(FU4/FQ4-1,"") -> 0.0055894376 | FW4: 349 | FX4: =IFERROR(FW4/FS4-1,"") -> -0.043835616 | FY4: 310821.82 | FZ4: =IFERROR(FY4/FU4-1,"") -> 0.0091556458 | GA4: 397 | GB4: =IFERROR(GA4/FW4-1,"") -> 0.13753582 | GC4: 313427.07 | GD4: =IFERROR(GC4/FY4-1,"") -> 0.008381812 | GE4: 397 | GF4: =IFERROR(GE4/GA4-1,"") -> 0 | GG4: =IFERROR(VLOOKUP(A4,[3]Москва_продажа_районы!$C$2:$F$149,3,0),"") -> 312025.57 | GH4: -0.0044715302 | GI4: 422 | GJ4: =IFERROR(GI4/GE4-1,"") -> 0.062972292 | GK4: 311170.57 | GL4: =IFERROR(GK4/GG4-1,"") -> -0.0027401639 | GM4: 400 | GN4: =IFERROR(GM4/GI4-1,"") -> -0.052132701 | GO4: 310479.02 | GP4: =IFERROR(GO4/GK4-1,"") -> -0.0022224095 | GQ4: 405.53 | GR4: =IFERROR(GQ4/GM4-1,"") -> 0.013825 | GS4: 322543.07 | GT4: =GS4/GO4-1 -> 0.038856236 | GU4: 415 | GV4: =GU4/GQ4-1 -> 0.023352156 | GW4: 317590.57 | GX4: =GW4/GS4-1 -> -0.015354538 | GY4: 309 | GZ4: =GY4/GU4-1 -> -0.25542169 | HA4: 316027.86 | HB4: -0.0049204978 | HC4: 286 | HD4: -0.074433657 | HE4: 317591.45 | HF4: 0.0049476262 | HG4: 315 | HH4: 0.1013986 | HI4: =VLOOKUP(A4,[4]Москва_продажа_районы!$C$4:$F$151,3,0) -> 316318.14 | HJ4: =HI4/HE4-1 -> -0.0040092748 | HK4: =VLOOKUP(A4,[4]Москва_продажа_районы!$C$4:$F$151,2,0) -> 334 | HL4: =HK4/HG4-1 -> 0.06031746 | HM4: =VLOOKUP(A4,Лист3!$C$4:$F$149,3,0) -> 317031.92 | HN4: =HM4/HI4-1 -> 0.0022565134 | HO4: =VLOOKUP(A4,Лист3!$C$4:$F$149,2,0) -> 330 | HP4: =HO4/HK4-1 -> -0.011976048 | HQ4: 313985.82 | HR4: -0.0096081768 | HS4: 330 | HT4: 0 | HU4: 313704.02 | HV4: -0.00089749672 | HW4: 326 | HX4: -0.012121212 | HY4: 316850.12 | HZ4: 0.010028886 | IA4: 315 | IB4: -0.033742331 | IC4: 319429.56 | ID4: 0.0081409031 | IE4: 305 | IF4: -0.031746032
A5: Вешняки | B5: 164593.3 | C5: 409 | D5: 168051.27 | E5: 410 | F5: 172302.07 | G5: 274 | H5: 172168.54 | I5: 284 | J5: 170552.58 | K5: 325 | L5: 169011.28 | M5: 331 | N5: 173771.91 | O5: 345 | P5: 177784.03 | Q5: 314 | R5: 178934.76 | S5: 283 | T5: 182415.51 | U5: 238 | V5: 188582.18 | W5: 216 | X5: 197308.33 | Y5: 230 | Z5: 201517.17 | AA5: 275 | AB5: 203328.27 | AC5: 295 | AD5: 204957.54 | AE5: 245 | AF5: =AD5/X5-1 -> 0.038767788 | AG5: =AE5/$AJ$1 -> 0.067735693 | AH5: =#REF!*AG5 -> #REF! | AI5: =AE5+AH5 -> #REF! | AL5: 207410.23 | AR5: 263 | AS5: 266 | AT5: 208959.39 | AU5: =AT5/AL5-1 -> 0.0074690595 | AV5: 241 | AW5: 213258.61 | AX5: 256 | AY5: 210400.14 | AZ5: 254 | BA5: 212538.8 | BB5: 281 | BC5: =BA5/AY5-1 -> 0.010164701 | BD5: 305 | BE5: 228122.56 | BF5: =BE5/BA5-1 -> 0.073321979 | BG5: 299 | BH5: 231234 | BI5: =BH5/BE5-1 -> 0.013639302 | BJ5: 303 | BK5: 236768.13 | BL5: =BK5/BH5-1 -> 0.023933029 | BM5: 241874.7 | BN5: =BM5/BK5-1 -> 0.021567831 | BO5: 262 | BP5: =BO5/BJ5-1 -> -0.13531353 | BQ5: 243604.8 | BR5: =IFERROR(BQ5/BM5-1,"") -> 0.0071528723 | BS5: 300 | BT5: =IFERROR(BS5/BO5-1,"") -> 0.14503817 | BU5: 250280.56 | BV5: =BU5/BQ5-1 -> 0.027404046 | BW5: 309 | BX5: =BW5/BS5-1 -> 0.03 | BY5: 254119.92 | BZ5: =BY5/BU5-1 -> 0.015340222 | CA5: 269 | CB5: =CA5/BW5-1 -> -0.12944984 | CC5: 250228.37 | CD5: =CC5/BY5-1 -> -0.015313828 | CE5: 295 | CF5: =CE5/CA5-1 -> 0.096654275 | CG5: 249173.93 | CH5: =CG5/CC5-1 -> -0.0042138956 | CI5: 350 | CJ5: =CI5/CE5-1 -> 0.18644068 | CK5: 247508.27 | CL5: =CK5/CG5-1 -> -0.006684743 | CM5: 396 | CN5: =CM5/CI5-1 -> 0.13142857 | CO5: 251350.54 | CP5: 0.01552382 | CQ5: 436 | CR5: 0.1010101 | CS5: 248493.2 | CT5: =IFERROR(CS5/CO5-1,"") -> -0.011367934 | CU5: 490 | CV5: =IFERROR(CU5/CQ5-1,"") -> 0.12385321 | CW5: 246434.83 | CX5: =IFERROR(CW5/CS5-1,"") -> -0.0082834046 | CY5: 477 | CZ5: =IFERROR(CY5/CU5-1,"") -> -0.026530612 | DA5: 245386.53 | DB5: =IFERROR(DA5/CW5-1,"") -> -0.004253903 | DC5: 475 | DD5: =IFERROR(DC5/CY5-1,"") -> -0.0041928721 | DE5: 238582.32 | DF5: =IFERROR(DE5/DA5-1,"") -> -0.027728534 | DG5: 434 | DH5: =IFERROR(DG5/DC5-1,"") -> -0.086315789 | DI5: 236767.57 | DJ5: =IFERROR(DI5/DE5-1,"") -> -0.0076063711 | DK5: 411 | DL5: =IFERROR(DK5/DG5-1,"") -> -0.052995392 | DM5: 238857.2 | DN5: =IFERROR(DM5/DI5-1,"") -> 0.0088256411 | DO5: 494 | DP5: =IFERROR(DO5/DK5-1,"") -> 0.20194647 | DQ5: 236329.24 | DR5: =IFERROR(DQ5/DM5-1,"") -> -0.010583555 | DS5: 508 | DT5: =IFERROR(DS5/DO5-1,"") -> 0.028340081 | DU5: 235376.1 | DV5: =IFERROR(DU5/DQ5-1,"") -> -0.0040331036 | DW5: 521 | DX5: =IFERROR(DW5/DS5-1,"") -> 0.025590551 | DY5: 232963.66 | DZ5: =IFERROR(DY5/DU5-1,"") -> -0.010249278 | EA5: 462 | EB5: =IFERROR(EA5/DW5-1,"") -> -0.11324376 | EC5: 233592.66 | ED5: =IFERROR(EC5/DY5-1,"") -> 0.0026999727 | EE5: =IFERROR(VLOOKUP($A5,[1]Москва_продажа_районы!$C$2:$F$148,2,0),"") -> 407 | EF5: -0.11904762 | EG5: 233060.22 | EH5: =IFERROR(EG5/EC5-1,"") -> -0.0022793659 | EI5: =IFERROR(VLOOKUP($A5,[2]Москва_продажа_районы!$C$2:$F$150,2,0),"") -> 365 | EJ5: -0.1031941 | EK5: 240786.36 | EL5: =IFERROR(EK5/EG5-1,"") -> 0.033150872 | EM5: 350 | EN5: =IFERROR(EM5/EI5-1,"") -> -0.04109589 | EO5: 245588.53 | EP5: =IFERROR(EO5/EK5-1,"") -> 0.019943667 | EQ5: 320 | ER5: =IFERROR(EQ5/EM5-1,"") -> -0.085714286 | ES5: 248087.76 | ET5: =IFERROR(ES5/EO5-1,"") -> 0.010176484 | EU5: 311 | EV5: =IFERROR(EU5/EQ5-1,"") -> -0.028125 | EW5: 249550.14 | EX5: =IFERROR(EW5/ES5-1,"") -> 0.0058946252 | EY5: 315 | EZ5: =IFERROR(EY5/EU5-1,"") -> 0.012861736 | FA5: 252952.65 | FB5: =IFERROR(FA5/EW5-1,"") -> 0.013634568 | FC5: 257 | FD5: =IFERROR(FC5/EY5-1,"") -> -0.18412698 | FE5: 253951.61 | FF5: =IFERROR(FE5/FA5-1,"") -> 0.003949203 | FG5: 265 | FH5: =IFERROR(FG5/FC5-1,"") -> 0.031128405 | FI5: 252822.33 | FJ5: =IFERROR(FI5/FE5-1,"") -> -0.0044468116 | FK5: 317 | FL5: =IFERROR(FK5/FG5-1,"") -> 0.19622642 | FM5: 254749.85 | FN5: =IFERROR(FM5/FI5-1,"") -> 0.007623974 | FO5: 350 | FP5: =IFERROR(FO5/FK5-1,"") -> 0.10410095 | FQ5: 254697.96 | FR5: =IFERROR(FQ5/FM5-1,"") -> -0.00020366186 | FS5: 351 | FT5: =IFERROR(FS5/FO5-1,"") -> 0.0028571429 | FU5: 254345.23 | FV5: =IFERROR(FU5/FQ5-1,"") -> -0.0013849018 | FW5: 387 | FX5: =IFERROR(FW5/FS5-1,"") -> 0.1025641 | FY5: 253199.28 | FZ5: =IFERROR(FY5/FU5-1,"") -> -0.0045054976 | GA5: 381 | GB5: =IFERROR(GA5/FW5-1,"") -> -0.015503876 | GC5: 252929.17 | GD5: =IFERROR(GC5/FY5-1,"") -> -0.0010667676 | GE5: 367 | GF5: =IFERROR(GE5/GA5-1,"") -> -0.036745407 | GG5: =IFERROR(VLOOKUP(A5,[3]Москва_продажа_районы!$C$2:$F$149,3,0),"") -> 249897.69 | GH5: -0.011985521 | GI5: 395 | GJ5: =IFERROR(GI5/GE5-1,"") -> 0.076294278 | GK5: 251366.35 | GL5: =IFERROR(GK5/GG5-1,"") -> 0.005877047 | GM5: 376 | GN5: =IFERROR(GM5/GI5-1,"") -> -0.048101266 | GO5: 251225.21 | GP5: =IFERROR(GO5/GK5-1,"") -> -0.00056146001 | GQ5: 387.34 | GR5: =IFERROR(GQ5/GM5-1,"") -> 0.030159574 | GS5: 253367.73 | GT5: =GS5/GO5-1 -> 0.0085282651 | GU5: 389 | GV5: =GU5/GQ5-1 -> 0.0042856405 | GW5: 255743.79 | GX5: =GW5/GS5-1 -> 0.0093779072 | GY5: 341 | GZ5: =GY5/GU5-1 -> -0.12339332 | HA5: 260988.17 | HB5: 0.020506375 | HC5: 303 | HD5: -0.11143695 | HE5: 261763.8 | HF5: 0.0029718956 | HG5: 328 | HH5: 0.082508251 | HI5: =VLOOKUP(A5,[4]Москва_продажа_районы!$C$4:$F$151,3,0) -> 261063.13 | HJ5: =HI5/HE5-1 -> -0.0026767289 | HK5: =VLOOKUP(A5,[4]Москва_продажа_районы!$C$4:$F$151,2,0) -> 320 | HL5: =HK5/HG5-1 -> -0.024390244 | HM5: =VLOOKUP(A5,Лист3!$C$4:$F$149,3,0) -> 262590.71 | HN5: =HM5/HI5-1 -> 0.0058513802 | HO5: =VLOOKUP(A5,Лист3!$C$4:$F$149,2,0) -> 295 | HP5: =HO5/HK5-1 -> -0.078125 | HQ5: 262974.09 | HR5: 0.0014599934 | HS5: 313 | HT5: 0.061016949 | HU5: 261696.28 | HV5: -0.0048590503 | HW5: 295 | HX5: -0.057507987 | HY5: 261167.24 | HZ5: -0.0020215853 | IA5: 303 | IB5: 0.027118644 | IC5: 261688.35 | ID5: 0.0019953286 | IE5: 285 | IF5: -0.059405941
A6: Восточное Измайлово | B6: 200541.96 | C6: 239 | D6: 203466.74 | E6: 242 | F6: 204543.46 | G6: 158 | H6: 205885.93 | I6: 150 | J6: 201864.1 | K6: 203 | L6: 202149.56 | M6: 189 | N6: 205228.64 | O6: 197 | P6: 210708.07 | Q6: 204 | R6: 216659 | S6: 205 | T6: 222740.42 | U6: 179 | V6: 226263.18 | W6: 156 | X6: 225647.6 | Y6: 150 | Z6: 233517.85 | AA6: 169 | AB6: 236135.26 | AC6: 189 | AD6: 239433.32 | AE6: 148 | AF6: =AD6/X6-1 -> 0.061094028 | AG6: =AE6/$AJ$1 -> 0.040917888 | AH6: =#REF!*AG6 -> #REF! | AI6: =AE6+AH6 -> #REF! | AL6: 239335.05 | AR6: 162 | AS6: 176 | AT6: 242717.91 | AU6: =AT6/AL6-1 -> 0.014134422 | AV6: 172 | AW6: 246581.5 | AX6: 189 | AY6: 246248.26 | AZ6: 157 | BA6: 245153.04 | BB6: 168 | BC6: =BA6/AY6-1 -> -0.0044476229 | BD6: 187 | BE6: 258487.26 | BF6: =BE6/BA6-1 -> 0.054391434 | BG6: 181 | BH6: 261925.59 | BI6: =BH6/BE6-1 -> 0.013301737 | BJ6: 163 | BK6: 263681.81 | BL6: =BK6/BH6-1 -> 0.0067050199 | BM6: 269467.99 | BN6: =BM6/BK6-1 -> 0.02194379 | BO6: 159 | BP6: =BO6/BJ6-1 -> -0.024539877 | BQ6: 279451 | BR6: =IFERROR(BQ6/BM6-1,"") -> 0.037047126 | BS6: 176 | BT6: =IFERROR(BS6/BO6-1,"") -> 0.10691824 | BU6: 288837.56 | BV6: =BU6/BQ6-1 -> 0.033589265 | BW6: 168 | BX6: =BW6/BS6-1 -> -0.045454545 | BY6: 286546.19 | BZ6: =BY6/BU6-1 -> -0.0079330453 | CA6: 147 | CB6: =CA6/BW6-1 -> -0.125 | CC6: 281641.57 | CD6: =CC6/BY6-1 -> -0.01711634 | CE6: 158 | CF6: =CE6/CA6-1 -> 0.074829932 | CG6: 276168.49 | CH6: =CG6/CC6-1 -> -0.019432803 | CI6: 188 | CJ6: =CI6/CE6-1 -> 0.18987342 | CK6: 276429.85 | CL6: =CK6/CG6-1 -> 0.00094639363 | CM6: 207 | CN6: =CM6/CI6-1 -> 0.10106383 | CO6: 274780.04 | CP6: -0.0059682913 | CQ6: 222 | CR6: 0.072463768 | CS6: 270216.97 | CT6: =IFERROR(CS6/CO6-1,"") -> -0.01660626 | CU6: 269 | CV6: =IFERROR(CU6/CQ6-1,"") -> 0.21171171 | CW6: 264650.76 | CX6: =IFERROR(CW6/CS6-1,"") -> -0.02059905 | CY6: 272 | CZ6: =IFERROR(CY6/CU6-1,"") -> 0.011152416 | DA6: 264361.67 | DB6: =IFERROR(DA6/CW6-1,"") -> -0.001092319 | DC6: 257 | DD6: =IFERROR(DC6/CY6-1,"") -> -0.055147059 | DE6: 262742.38 | DF6: =IFERROR(DE6/DA6-1,"") -> -0.0061253029 | DG6: 249 | DH6: =IFERROR(DG6/DC6-1,"") -> -0.031128405 | DI6: 260318.89 | DJ6: =IFERROR(DI6/DE6-1,"") -> -0.0092238187 | DK6: 223 | DL6: =IFERROR(DK6/DG6-1,"") -> -0.10441767 | DM6: 263145.44 | DN6: =IFERROR(DM6/DI6-1,"") -> 0.010858048 | DO6: 247 | DP6: =IFERROR(DO6/DK6-1,"") -> 0.10762332 | DQ6: 259772.53 | DR6: =IFERROR(DQ6/DM6-1,"") -> -0.012817696 | DS6: 234 | DT6: =IFERROR(DS6/DO6-1,"") -> -0.052631579 | DU6: 263900.74 | DV6: =IFERROR(DU6/DQ6-1,"") -> 0.015891658 | DW6: 232 | DX6: =IFERROR(DW6/DS6-1,"") -> -0.0085470085 | DY6: 266018.6 | DZ6: =IFERROR(DY6/DU6-1,"") -> 0.0080252094 | EA6: 239 | EB6: =IFERROR(EA6/DW6-1,"") -> 0.030172414 | EC6: 271309.22 | ED6: =IFERROR(EC6/DY6-1,"") -> 0.019888147 | EE6: =IFERROR(VLOOKUP($A6,[1]Москва_продажа_районы!$C$2:$F$148,2,0),"") -> 243 | EF6: 0.016736402 | EG6: 266910.18 | EH6: =IFERROR(EG6/EC6-1,"") -> -0.016214107 | EI6: =IFERROR(VLOOKUP($A6,[2]Москва_продажа_районы!$C$2:$F$150,2,0),"") -> 219 | EJ6: -0.098765432 | EK6: 264686.88 | EL6: =IFERROR(EK6/EG6-1,"") -> -0.0083297632 | EM6: 199 | EN6: =IFERROR(EM6/EI6-1,"") -> -0.091324201 | EO6: 272735.09 | EP6: =IFERROR(EO6/EK6-1,"") -> 0.030406508 | EQ6: 187 | ER6: =IFERROR(EQ6/EM6-1,"") -> -0.060301508 | ES6: 278587.97 | ET6: =IFERROR(ES6/EO6-1,"") -> 0.021459961 | EU6: 211 | EV6: =IFERROR(EU6/EQ6-1,"") -> 0.12834225 | EW6: 284772.8 | EX6: =IFERROR(EW6/ES6-1,"") -> 0.022200621 | EY6: 189 | EZ6: =IFERROR(EY6/EU6-1,"") -> -0.1042654 | FA6: 289552.67 | FB6: =IFERROR(FA6/EW6-1,"") -> 0.016784858 | FC6: 181 | FD6: =IFERROR(FC6/EY6-1,"") -> -0.042328042 | FE6: 289933.02 | FF6: =IFERROR(FE6/FA6-1,"") -> 0.0013135992 | FG6: 176 | FH6: =IFERROR(FG6/FC6-1,"") -> -0.027624309 | FI6: 291523.87 | FJ6: =IFERROR(FI6/FE6-1,"") -> 0.0054869334 | FK6: 187 | FL6: =IFERROR(FK6/FG6-1,"") -> 0.0625 | FM6: 287772.53 | FN6: =IFERROR(FM6/FI6-1,"") -> -0.012868027 | FO6: 214 | FP6: =IFERROR(FO6/FK6-1,"") -> 0.14438503 | FQ6: 288787.23 | FR6: =IFERROR(FQ6/FM6-1,"") -> 0.0035260421 | FS6: 222 | FT6: =IFERROR(FS6/FO6-1,"") -> 0.037383178 | FU6: 289655.71 | FV6: =IFERROR(FU6/FQ6-1,"") -> 0.0030073509 | FW6: 228 | FX6: =IFERROR(FW6/FS6-1,"") -> 0.027027027 | FY6: 293074.2 | FZ6: =IFERROR(FY6/FU6-1,"") -> 0.011801917 | GA6: 246 | GB6: =IFERROR(GA6/FW6-1,"") -> 0.078947368 | GC6: 290140.81 | GD6: =IFERROR(GC6/FY6-1,"") -> -0.010009062 | GE6: 241 | GF6: =IFERROR(GE6/GA6-1,"") -> -0.020325203 | GG6: =IFERROR(VLOOKUP(A6,[3]Москва_продажа_районы!$C$2:$F$149,3,0),"") -> 284412.53 | GH6: -0.019743095 | GI6: 243 | GJ6: =IFERROR(GI6/GE6-1,"") -> 0.0082987552 | GK6: 289221.1 | GL6: =IFERROR(GK6/GG6-1,"") -> 0.016907044 | GM6: 247 | GN6: =IFERROR(GM6/GI6-1,"") -> 0.016460905 | GO6: 289157.1 | GP6: =IFERROR(GO6/GK6-1,"") -> -0.00022130746 | GQ6: 264.29 | GR6: =IFERROR(GQ6/GM6-1,"") -> 0.07 | GS6: 286099.47 | GT6: =GS6/GO6-1 -> -0.010574289 | GU6: 258 | GV6: =GU6/GQ6-1 -> -0.023799614 | GW6: 285932.94 | GX6: =GW6/GS6-1 -> -0.00058206079 | GY6: 234 | GZ6: =GY6/GU6-1 -> -0.093023256 | HA6: 288881.19 | HB6: 0.010311 | HC6: 211 | HD6: -0.098290598 | HE6: 295716.42 | HF6: 0.023661028 | HG6: 216 | HH6: 0.023696682 | HI6: =VLOOKUP(A6,[4]Москва_продажа_районы!$C$4:$F$151,3,0) -> 294801.38 | HJ6: =HI6/HE6-1 -> -0.0030943226 | HK6: =VLOOKUP(A6,[4]Москва_продажа_районы!$C$4:$F$151,2,0) -> 216 | HL6: =HK6/HG6-1 -> 0 | HM6: =VLOOKUP(A6,Лист3!$C$4:$F$149,3,0) -> 300016.32 | HN6: =HM6/HI6-1 -> 0.017689672 | HO6: =VLOOKUP(A6,Лист3!$C$4:$F$149,2,0) -> 223 | HP6: =HO6/HK6-1 -> 0.032407407 | HQ6: 301658.17 | HR6: 0.0054725257 | HS6: 218 | HT6: -0.022421525 | HU6: 305031.52 | HV6: 0.011182694 | HW6: 207 | HX6: -0.050458716 | HY6: 302776.24 | HZ6: -0.0073935928 | IA6: 208 | IB6: 0.0048309179 | IC6: 297849.18 | ID6: -0.01627293 | IE6: 208 | IF6: 0
A7: Восточный | B7: 136636.92 | C7: 29 | D7: 140792.02 | E7: 30 | F7: 142793.61 | G7: 22 | H7: 147040.06 | I7: 16 | J7: 142823.69 | K7: 23 | L7: 154896.99 | M7: 19 | N7: 152014.65 | O7: 20 | P7: 158921 | Q7: 19 | R7: 161752.93 | S7: 27 | T7: 166821.56 | U7: 24 | V7: 160480.72 | W7: 18 | X7: 168984.27 | Y7: 17 | Z7: 165000 | AA7: 22 | AB7: 168142.98 | AC7: 42 | AD7: 184860.59 | AE7: 29 | AF7: =AD7/X7-1 -> 0.093951446 | AG7: =AE7/$AJ$1 -> 0.0080176942 | AH7: =#REF!*AG7 -> #REF! | AI7: =AE7+AH7 -> #REF! | AL7: 185961.41 | AR7: 25 | AS7: 22 | AT7: 184056.05 | AU7: =AT7/AL7-1 -> -0.010246011 | AV7: 28 | AW7: 183293.95 | AX7: 41 | AY7: 180585.77 | AZ7: 18 | BA7: 182493.45 | BB7: 24 | BC7: =BA7/AY7-1 -> 0.010563802 | BD7: 21 | BE7: 198203.94 | BF7: =BE7/BA7-1 -> 0.086087976 | BG7: 18 | BH7: 195194.58 | BI7: =BH7/BE7-1 -> -0.015183136 | BJ7: 20 | BK7: 202524.26 | BL7: =BK7/BH7-1 -> 0.037550654 | BM7: 208364.89 | BN7: =BM7/BK7-1 -> 0.028839126 | BO7: 15 | BP7: =BO7/BJ7-1 -> -0.25 | BQ7: 202865.8 | BR7: =IFERROR(BQ7/BM7-1,"") -> -0.026391639 | BS7: 19 | BT7: =IFERROR(BS7/BO7-1,"") -> 0.26666667 | BU7: 208173.6 | BV7: =BU7/BQ7-1 -> 0.026164117 | BW7: 16 | BX7: =BW7/BS7-1 -> -0.15789474 | BY7: 222442.52 | BZ7: =BY7/BU7-1 -> 0.068543353 | CA7: 15 | CB7: =CA7/BW7-1 -> -0.0625 | CC7: 225364.89 | CD7: =CC7/BY7-1 -> 0.013137668 | CE7: 14 | CF7: =CE7/CA7-1 -> -0.066666667 | CG7: 218294.66 | CH7: =CG7/CC7-1 -> -0.031372383 | CI7: 12 | CJ7: =CI7/CE7-1 -> -0.14285714 | CK7: 215394.64 | CL7: =CK7/CG7-1 -> -0.013284862 | CM7: 23 | CN7: =CM7/CI7-1 -> 0.91666667 | CO7: 217866.42 | CP7: 0.011475555 | CQ7: 22 | CR7: -0.043478261 | CS7: 210200.92 | CT7: =IFERROR(CS7/CO7-1,"") -> -0.035184379 | CU7: 30 | CV7: =IFERROR(CU7/CQ7-1,"") -> 0.36363636 | CW7: 208269.48 | CX7: =IFERROR(CW7/CS7-1,"") -> -0.0091885472 | CY7: 35 | CZ7: =IFERROR(CY7/CU7-1,"") -> 0.16666667 | DA7: 198957.71 | DB7: =IFERROR(DA7/CW7-1,"") -> -0.044710194 | DC7: 45 | DD7: =IFERROR(DC7/CY7-1,"") -> 0.28571429 | DE7: 202499.11 | DF7: =IFERROR(DE7/DA7-1,"") -> 0.017799748 | DG7: 45 | DH7: =IFERROR(DG7/DC7-1,"") -> 0 | DI7: 212450.74 | DJ7: =IFERROR(DI7/DE7-1,"") -> 0.049144071 | DK7: 48 | DL7: =IFERROR(DK7/DG7-1,"") -> 0.066666667 | DM7: 203151.95 | DN7: =IFERROR(DM7/DI7-1,"") -> -0.043769169 | DO7: 41 | DP7: =IFERROR(DO7/DK7-1,"") -> -0.14583333 | DQ7: 204471.31 | DR7: =IFERROR(DQ7/DM7-1,"") -> 0.0064944612 | DS7: 43 | DT7: =IFERROR(DS7/DO7-1,"") -> 0.048780488 | DU7: 206669.32 | DV7: =IFERROR(DU7/DQ7-1,"") -> 0.010749723 | DW7: 42 | DX7: =IFERROR(DW7/DS7-1,"") -> -0.023255814 | DY7: 210766.52 | DZ7: =IFERROR(DY7/DU7-1,"") -> 0.01982492 | EA7: 37 | EB7: =IFERROR(EA7/DW7-1,"") -> -0.11904762 | EC7: 209434.1 | ED7: =IFERROR(EC7/DY7-1,"") -> -0.0063217891 | EE7: =IFERROR(VLOOKUP($A7,[1]Москва_продажа_районы!$C$2:$F$148,2,0),"") -> 39 | EF7: 0.054054054 | EG7: 210426.29 | EH7: =IFERROR(EG7/EC7-1,"") -> 0.004737481 | EI7: =IFERROR(VLOOKUP($A7,[2]Москва_продажа_районы!$C$2:$F$150,2,0),"") -> 45 | EJ7: 0.15384615 | EK7: 209983.82 | EL7: =IFERROR(EK7/EG7-1,"") -> -0.0021027396 | EM7: 47 | EN7: =IFERROR(EM7/EI7-1,"") -> 0.044444444 | EO7: 209850.05 | EP7: =IFERROR(EO7/EK7-1,"") -> -0.0006370733 | EQ7: 40 | ER7: =IFERROR(EQ7/EM7-1,"") -> -0.14893617 | ES7: 216588.71 | ET7: =IFERROR(ES7/EO7-1,"") -> 0.032111809 | EU7: 25 | EV7: =IFERROR(EU7/EQ7-1,"") -> -0.375 | EW7: 214338.25 | EX7: =IFERROR(EW7/ES7-1,"") -> -0.010390491 | EY7: 29 | EZ7: =IFERROR(EY7/EU7-1,"") -> 0.16 | FA7: 209781.93 | FB7: =IFERROR(FA7/EW7-1,"") -> -0.021257621 | FC7: 29 | FD7: =IFERROR(FC7/EY7-1,"") -> 0 | FE7: 214695.99 | FF7: =IFERROR(FE7/FA7-1,"") -> 0.023424619 | FG7: 23 | FH7: =IFERROR(FG7/FC7-1,"") -> -0.20689655 | FI7: 214313.57 | FJ7: =IFERROR(FI7/FE7-1,"") -> -0.0017811906 | FK7: 27 | FL7: =IFERROR(FK7/FG7-1,"") -> 0.17391304 | FM7: 210749.09 | FN7: =IFERROR(FM7/FI7-1,"") -> -0.016632095 | FO7: 31 | FP7: =IFERROR(FO7/FK7-1,"") -> 0.14814815 | FQ7: 215547.59 | FR7: =IFERROR(FQ7/FM7-1,"") -> 0.022768762 | FS7: 31 | FT7: =IFERROR(FS7/FO7-1,"") -> 0 | FU7: 215375.7 | FV7: =IFERROR(FU7/FQ7-1,"") -> -0.00079744915 | FW7: 25 | FX7: =IFERROR(FW7/FS7-1,"") -> -0.19354839 | FY7: 218832.29 | FZ7: =IFERROR(FY7/FU7-1,"") -> 0.016049118 | GA7: 33 | GB7: =IFERROR(GA7/FW7-1,"") -> 0.32 | GC7: 237587.26 | GD7: =IFERROR(GC7/FY7-1,"") -> 0.085704774 | GE7: 56 | GF7: =IFERROR(GE7/GA7-1,"") -> 0.6969697 | GG7: =IFERROR(VLOOKUP(A7,[3]Москва_продажа_районы!$C$2:$F$149,3,0),"") -> 237491.57 | GH7: -0.00040275667 | GI7: 54 | GJ7: =IFERROR(GI7/GE7-1,"") -> -0.035714286 | GK7: 225875.13 | GL7: =IFERROR(GK7/GG7-1,"") -> -0.048913051 | GM7: 37 | GN7: =IFERROR(GM7/GI7-1,"") -> -0.31481481 | GO7: 227863.25 | GP7: =IFERROR(GO7/GK7-1,"") -> 0.008801847 | GQ7: 35.31 | GR7: =IFERROR(GQ7/GM7-1,"") -> -0.045675676 | GS7: 226293.95 | GT7: =GS7/GO7-1 -> -0.00688704 | GU7: 33 | GV7: =GU7/GQ7-1 -> -0.065420561 | GW7: 221573.16 | GX7: =GW7/GS7-1 -> -0.020861314 | GY7: 26 | GZ7: =GY7/GU7-1 -> -0.21212121 | HA7: 233672.81 | HB7: 0.054607921 | HC7: 30 | HD7: 0.15384615 | HE7: 234453.63 | HF7: 0.003341533 | HG7: 30 | HH7: 0 | HI7: =VLOOKUP(A7,[4]Москва_продажа_районы!$C$4:$F$151,3,0) -> 234307.28 | HJ7: =HI7/HE7-1 -> -0.00062424281 | HK7: =VLOOKUP(A7,[4]Москва_продажа_районы!$C$4:$F$151,2,0) -> 30 | HL7: =HK7/HG7-1 -> 0 | HM7: =VLOOKUP(A7,Лист3!$C$4:$F$149,3,0) -> 222229.42 | HN7: =HM7/HI7-1 -> -0.051547078 | HO7: =VLOOKUP(A7,Лист3!$C$4:$F$149,2,0) -> 26 | HP7: =HO7/HK7-1 -> -0.13333333 | HQ7: 218672.4 | HR7: -0.016006081 | HS7: 29 | HT7: 0.11538462 | HU7: 221275.91 | HV7: 0.011906005 | HW7: 28 | HX7: -0.034482759 | HY7: 220340.94 | HZ7: -0.0042253604 | IA7: 30 | IB7: 0.071428571 | IC7: 221404.2 | ID7: 0.004825501 | IE7: 26 | IF7: -0.13333333
A8: Гольяново | B8: 171668.72 | C8: 499 | D8: 173778.71 | E8: 471 | F8: 174252.88 | G8: 327 | H8: 179175.98 | I8: 386 | J8: 176425.75 | K8: 509 | L8: 177424.79 | M8: 531 | N8: 176812.16 | O8: 539 | P8: 181207.14 | Q8: 482 | R8: 187211.59 | S8: 437 | T8: 195283.57 | U8: 381 | V8: 197810.03 | W8: 325 | X8: 206050.11 | Y8: 341 | Z8: 210494.99 | AA8: 382 | AB8: 213423.23 | AC8: 402 | AD8: 217845.68 | AE8: 379 | AF8: =AD8/X8-1 -> 0.057246165 | AG8: =AE8/$AJ$1 -> 0.10478297 | AH8: =#REF!*AG8 -> #REF! | AI8: =AE8+AH8 -> #REF! | AL8: 218298.8 | AR8: 376 | AS8: 382 | AT8: 216059 | AU8: =AT8/AL8-1 -> -0.010260256 | AV8: 417 | AW8: 226303.8 | AX8: 433 | AY8: 230625.68 | AZ8: 444 | BA8: 233148.03 | BB8: 457 | BC8: =BA8/AY8-1 -> 0.010936971 | BD8: 451 | BE8: 238702.83 | BF8: =BE8/BA8-1 -> 0.023825228 | BG8: 458 | BH8: 242526.07 | BI8: =BH8/BE8-1 -> 0.016016724 | BJ8: 374 | BK8: 244574.38 | BL8: =BK8/BH8-1 -> 0.0084457164 | BM8: 247695.76 | BN8: =BM8/BK8-1 -> 0.012762513 | BO8: 361 | BP8: =BO8/BJ8-1 -> -0.034759358 | BQ8: 253305.78 | BR8: =IFERROR(BQ8/BM8-1,"") -> 0.022648839 | BS8: 414 | BT8: =IFERROR(BS8/BO8-1,"") -> 0.1468144 | BU8: 260647.35 | BV8: =BU8/BQ8-1 -> 0.028983013 | BW8: 338 | BX8: =BW8/BS8-1 -> -0.18357488 | BY8: 263619.47 | BZ8: =BY8/BU8-1 -> 0.011402866 | CA8: 315 | CB8: =CA8/BW8-1 -> -0.068047337 | CC8: 259015.35 | CD8: =CC8/BY8-1 -> -0.017465035 | CE8: 331 | CF8: =CE8/CA8-1 -> 0.050793651 | CG8: 253378.63 | CH8: =CG8/CC8-1 -> -0.02176211 | CI8: 394 | CJ8: =CI8/CE8-1 -> 0.19033233 | CK8: 250872.41 | CL8: =CK8/CG8-1 -> -0.0098911943 | CM8: 445 | CN8: =CM8/CI8-1 -> 0.12944162 | CO8: 248264.16 | CP8: -0.010396717 | CQ8: 466 | CR8: 0.047191011 | CS8: 244381.6 | CT8: =IFERROR(CS8/CO8-1,"") -> -0.015638854 | CU8: 523 | CV8: =IFERROR(CU8/CQ8-1,"") -> 0.1223176 | CW8: 242448.34 | CX8: =IFERROR(CW8/CS8-1,"") -> -0.0079108171 | CY8: 558 | CZ8: =IFERROR(CY8/CU8-1,"") -> 0.066921606 | DA8: 239537.34 | DB8: =IFERROR(DA8/CW8-1,"") -> -0.012006669 | DC8: 560 | DD8: =IFERROR(DC8/CY8-1,"") -> 0.0035842294 | DE8: 238290.48 | DF8: =IFERROR(DE8/DA8-1,"") -> -0.0052052959 | DG8: 548 | DH8: =IFERROR(DG8/DC8-1,"") -> -0.021428571 | DI8: 240173.19 | DJ8: =IFERROR(DI8/DE8-1,"") -> 0.0079009046 | DK8: 518 | DL8: =IFERROR(DK8/DG8-1,"") -> -0.054744526 | DM8: 240906.94 | DN8: =IFERROR(DM8/DI8-1,"") -> 0.0030550844 | DO8: 540 | DP8: =IFERROR(DO8/DK8-1,"") -> 0.042471042 | DQ8: 242455.89 | DR8: =IFERROR(DQ8/DM8-1,"") -> 0.0064296613 | DS8: 569 | DT8: =IFERROR(DS8/DO8-1,"") -> 0.053703704 | DU8: 242343.23 | DV8: =IFERROR(DU8/DQ8-1,"") -> -0.00046464577 | DW8: 548 | DX8: =IFERROR(DW8/DS8-1,"") -> -0.036906854 | DY8: 243982.51 | DZ8: =IFERROR(DY8/DU8-1,"") -> 0.0067642958 | EA8: 515 | EB8: =IFERROR(EA8/DW8-1,"") -> -0.060218978 | EC8: 247906.01 | ED8: =IFERROR(EC8/DY8-1,"") -> 0.016081063 | EE8: =IFERROR(VLOOKUP($A8,[1]Москва_продажа_районы!$C$2:$F$148,2,0),"") -> 514 | EF8: -0.0019417476 | EG8: 249475.61 | EH8: =IFERROR(EG8/EC8-1,"") -> 0.0063314277 | EI8: =IFERROR(VLOOKUP($A8,[2]Москва_продажа_районы!$C$2:$F$150,2,0),"") -> 478 | EJ8: -0.070038911 | EK8: 251996.34 | EL8: =IFERROR(EK8/EG8-1,"") -> 0.010104112 | EM8: 441 | EN8: =IFERROR(EM8/EI8-1,"") -> -0.077405858 | EO8: 258934.44 | EP8: =IFERROR(EO8/EK8-1,"") -> 0.027532564 | EQ8: 438 | ER8: =IFERROR(EQ8/EM8-1,"") -> -0.0068027211 | ES8: 258655.09 | ET8: =IFERROR(ES8/EO8-1,"") -> -0.0010788567 | EU8: 397 | EV8: =IFERROR(EU8/EQ8-1,"") -> -0.093607306 | EW8: 263853.93 | EX8: =IFERROR(EW8/ES8-1,"") -> 0.020099518 | EY8: 409 | EZ8: =IFERROR(EY8/EU8-1,"") -> 0.0302267 | FA8: 259859.78 | FB8: =IFERROR(FA8/EW8-1,"") -> -0.015137738 | FC8: 373 | FD8: =IFERROR(FC8/EY8-1,"") -> -0.08801956 | FE8: 264348.08 | FF8: =IFERROR(FE8/FA8-1,"") -> 0.017272005 | FG8: 390 | FH8: =IFERROR(FG8/FC8-1,"") -> 0.045576408 | FI8: 264770.9 | FJ8: =IFERROR(FI8/FE8-1,"") -> 0.0015994658 | FK8: 416 | FL8: =IFERROR(FK8/FG8-1,"") -> 0.066666667 | FM8: 262254.81 | FN8: =IFERROR(FM8/FI8-1,"") -> -0.0095028849 | FO8: 455 | FP8: =IFERROR(FO8/FK8-1,"") -> 0.09375 | FQ8: 265004.6 | FR8: =IFERROR(FQ8/FM8-1,"") -> 0.010485174 | FS8: 501 | FT8: =IFERROR(FS8/FO8-1,"") -> 0.1010989 | FU8: 266196.09 | FV8: =IFERROR(FU8/FQ8-1,"") -> 0.0044961202 | FW8: 510 | FX8: =IFERROR(FW8/FS8-1,"") -> 0.017964072 | FY8: 261554.02 | FZ8: =IFERROR(FY8/FU8-1,"") -> -0.017438552 | GA8: 515 | GB8: =IFERROR(GA8/FW8-1,"") -> 0.0098039216 | GC8: 260932.2 | GD8: =IFERROR(GC8/FY8-1,"") -> -0.0023773722 | GE8: 518 | GF8: =IFERROR(GE8/GA8-1,"") -> 0.0058252427 | GG8: =IFERROR(VLOOKUP(A8,[3]Москва_продажа_районы!$C$2:$F$149,3,0),"") -> 262165.3 | GH8: 0.0047257473 | GI8: 539 | GJ8: =IFERROR(GI8/GE8-1,"") -> 0.040540541 | GK8: 260739.07 | GL8: =IFERROR(GK8/GG8-1,"") -> -0.005440213 | GM8: 566 | GN8: =IFERROR(GM8/GI8-1,"") -> 0.050092764 | GO8: 262195.85 | GP8: =IFERROR(GO8/GK8-1,"") -> 0.005587139 | GQ8: 568.17 | GR8: =IFERROR(GQ8/GM8-1,"") -> 0.0038339223 | GS8: 259609.21 | GT8: =GS8/GO8-1 -> -0.0098653074 | GU8: 525 | GV8: =GU8/GQ8-1 -> -0.07598078 | GW8: 261256.71 | GX8: =GW8/GS8-1 -> 0.0063460787 | GY8: 439 | GZ8: =GY8/GU8-1 -> -0.16380952 | HA8: 264631.79 | HB8: 0.012918615 | HC8: 399 | HD8: -0.091116173 | HE8: 265383 | HF8: 0.0028387123 | HG8: 390 | HH8: -0.022556391 | HI8: =VLOOKUP(A8,[4]Москва_продажа_районы!$C$4:$F$151,3,0) -> 267773.61 | HJ8: =HI8/HE8-1 -> 0.0090081385 | HK8: =VLOOKUP(A8,[4]Москва_продажа_районы!$C$4:$F$151,2,0) -> 393 | HL8: =HK8/HG8-1 -> 0.0076923077 | HM8: =VLOOKUP(A8,Лист3!$C$4:$F$149,3,0) -> 265264.07 | HN8: =HM8/HI8-1 -> -0.0093718466 | HO8: =VLOOKUP(A8,Лист3!$C$4:$F$149,2,0) -> 394 | HP8: =HO8/HK8-1 -> 0.0025445293 | HQ8: 267483.14 | HR8: 0.008365482 | HS8: 401 | HT8: 0.017766497 | HU8: 267043.28 | HV8: -0.0016444111 | HW8: 339 | HX8: -0.15461347 | HY8: 270366.67 | HZ8: 0.012445113 | IA8: 374 | IB8: 0.10324484 | IC8: 272230.55 | ID8: 0.0068939219 | IE8: 382 | IF8: 0.021390374
A9: Ивановское | B9: 165331.39 | C9: 367 | D9: 167594.1 | E9: 335 | F9: 173435.23 | G9: 208 | H9: 173386.37 | I9: 228 | J9: 171847.18 | K9: 303 | L9: 172957.68 | M9: 311 | N9: 173451.17 | O9: 292 | P9: 177544.89 | Q9: 282 | R9: 184215.38 | S9: 244 | T9: 190890.34 | U9: 219 | V9: 197962.01 | W9: 193 | X9: 205355.77 | Y9: 193 | Z9: 205103.93 | AA9: 235 | AB9: 209724.83 | AC9: 255 | AD9: 212831.65 | AE9: 243 | AF9: =AD9/X9-1 -> 0.036404486 | AG9: =AE9/$AJ$1 -> 0.067182748 | AH9: =#REF!*AG9 -> #REF! | AI9: =AE9+AH9 -> #REF! | AL9: 213648.27 | AR9: 289 | AS9: 317 | AT9: 213874.72 | AU9: =AT9/AL9-1 -> 0.0010599056 | AV9: 282 | AW9: 218228.72 | AX9: 297 | AY9: 223007.49 | AZ9: 300 | BA9: 225951 | BB9: 322 | BC9: =BA9/AY9-1 -> 0.013199164 | BD9: 317 | BE9: 227593.53 | BF9: =BE9/BA9-1 -> 0.0072693905 | BG9: 306 | BH9: 231438.69 | BI9: =BH9/BE9-1 -> 0.016894854 | BJ9: 337 | BK9: 235235.8 | BL9: =BK9/BH9-1 -> 0.016406563 | BM9: 242931.49 | BN9: =BM9/BK9-1 -> 0.032714765 | BO9: 301 | BP9: =BO9/BJ9-1 -> -0.10682493 | BQ9: 244078.94 | BR9: =IFERROR(BQ9/BM9-1,"") -> 0.0047233534 | BS9: 332 | BT9: =IFERROR(BS9/BO9-1,"") -> 0.10299003 | BU9: 247962.88 | BV9: =BU9/BQ9-1 -> 0.015912658 | BW9: 282 | BX9: =BW9/BS9-1 -> -0.15060241 | BY9: 250782.58 | BZ9: =BY9/BU9-1 -> 0.011371467 | CA9: 258 | CB9: =CA9/BW9-1 -> -0.085106383 | CC9: 246106.23 | CD9: =CC9/BY9-1 -> -0.018647062 | CE9: 273 | CF9: =CE9/CA9-1 -> 0.058139535 | CG9: 242102.42 | CH9: =CG9/CC9-1 -> -0.016268586 | CI9: 307 | CJ9: =CI9/CE9-1 -> 0.12454212 | CK9: 237763.65 | CL9: =CK9/CG9-1 -> -0.017921233 | CM9: 318 | CN9: =CM9/CI9-1 -> 0.035830619 | CO9: 235459.65 | CP9: -0.0096902933 | CQ9: 338 | CR9: 0.062893082 | CS9: 236779.94 | CT9: =IFERROR(CS9/CO9-1,"") -> 0.0056072941 | CU9: 402 | CV9: =IFERROR(CU9/CQ9-1,"") -> 0.18934911 | CW9: 232024.99 | CX9: =IFERROR(CW9/CS9-1,"") -> -0.020081751 | CY9: 399 | CZ9: =IFERROR(CY9/CU9-1,"") -> -0.0074626866 | DA9: 226550.02 | DB9: =IFERROR(DA9/CW9-1,"") -> -0.023596449 | DC9: 390 | DD9: =IFERROR(DC9/CY9-1,"") -> -0.022556391 | DE9: 227372.93 | DF9: =IFERROR(DE9/DA9-1,"") -> 0.003632335 | DG9: 390 | DH9: =IFERROR(DG9/DC9-1,"") -> 0 | DI9: 226895.32 | DJ9: =IFERROR(DI9/DE9-1,"") -> -0.0021005261 | DK9: 338 | DL9: =IFERROR(DK9/DG9-1,"") -> -0.13333333 | DM9: 230202.96 | DN9: =IFERROR(DM9/DI9-1,"") -> 0.014577808 | DO9: 403 | DP9: =IFERROR(DO9/DK9-1,"") -> 0.19230769 | DQ9: 229785.04 | DR9: =IFERROR(DQ9/DM9-1,"") -> -0.0018154333 | DS9: 417 | DT9: =IFERROR(DS9/DO9-1,"") -> 0.034739454 | DU9: 230218.39 | DV9: =IFERROR(DU9/DQ9-1,"") -> 0.0018858694 | DW9: 371 | DX9: =IFERROR(DW9/DS9-1,"") -> -0.11031175 | DY9: 230716.12 | DZ9: =IFERROR(DY9/DU9-1,"") -> 0.002161991 | EA9: 367 | EB9: =IFERROR(EA9/DW9-1,"") -> -0.010781671 | EC9: 234367.28 | ED9: =IFERROR(EC9/DY9-1,"") -> 0.015825328 | EE9: =IFERROR(VLOOKUP($A9,[1]Москва_продажа_районы!$C$2:$F$148,2,0),"") -> 376 | EF9: 0.024523161 | EG9: 238540.34 | EH9: =IFERROR(EG9/EC9-1,"") -> 0.017805644 | EI9: =IFERROR(VLOOKUP($A9,[2]Москва_продажа_районы!$C$2:$F$150,2,0),"") -> 360 | EJ9: -0.042553191 | EK9: 238820.44 | EL9: =IFERROR(EK9/EG9-1,"") -> 0.0011742299 | EM9: 327 | EN9: =IFERROR(EM9/EI9-1,"") -> -0.091666667 | EO9: 241198.97 | EP9: =IFERROR(EO9/EK9-1,"") -> 0.0099595098 | EQ9: 293 | ER9: =IFERROR(EQ9/EM9-1,"") -> -0.10397554 | ES9: 246028.49 | ET9: =IFERROR(ES9/EO9-1,"") -> 0.02002297 | EU9: 282 | EV9: =IFERROR(EU9/EQ9-1,"") -> -0.037542662 | EW9: 243518.22 | EX9: =IFERROR(EW9/ES9-1,"") -> -0.010203183 | EY9: 295 | EZ9: =IFERROR(EY9/EU9-1,"") -> 0.046099291 | FA9: 241445.27 | FB9: =IFERROR(FA9/EW9-1,"") -> -0.0085124876 | FC9: 288 | FD9: =IFERROR(FC9/EY9-1,"") -> -0.023728814 | FE9: 247858.43 | FF9: =IFERROR(FE9/FA9-1,"") -> 0.026561552 | FG9: 271 | FH9: =IFERROR(FG9/FC9-1,"") -> -0.059027778 | FI9: 249026.4 | FJ9: =IFERROR(FI9/FE9-1,"") -> 0.0047122465 | FK9: 312 | FL9: =IFERROR(FK9/FG9-1,"") -> 0.15129151 | FM9: 248687.87 | FN9: =IFERROR(FM9/FI9-1,"") -> -0.0013594041 | FO9: 329 | FP9: =IFERROR(FO9/FK9-1,"") -> 0.054487179 | FQ9: 251063.39 | FR9: =IFERROR(FQ9/FM9-1,"") -> 0.0095521789 | FS9: 329 | FT9: =IFERROR(FS9/FO9-1,"") -> 0 | FU9: 249944.19 | FV9: =IFERROR(FU9/FQ9-1,"") -> -0.0044578141 | FW9: 326 | FX9: =IFERROR(FW9/FS9-1,"") -> -0.009118541 | FY9: 251565.91 | FZ9: =IFERROR(FY9/FU9-1,"") -> 0.0064883377 | GA9: 323 | GB9: =IFERROR(GA9/FW9-1,"") -> -0.009202454 | GC9: 251107.8 | GD9: =IFERROR(GC9/FY9-1,"") -> -0.0018210421 | GE9: 334 | GF9: =IFERROR(GE9/GA9-1,"") -> 0.034055728 | GG9: =IFERROR(VLOOKUP(A9,[3]Москва_продажа_районы!$C$2:$F$149,3,0),"") -> 250550.97 | GH9: -0.002217489 | GI9: 330 | GJ9: =IFERROR(GI9/GE9-1,"") -> -0.011976048 | GK9: 249355.53 | GL9: =IFERROR(GK9/GG9-1,"") -> -0.0047712449 | GM9: 338 | GN9: =IFERROR(GM9/GI9-1,"") -> 0.024242424 | GO9: 250585.14 | GP9: =IFERROR(GO9/GK9-1,"") -> 0.0049311323 | GQ9: 367.01 | GR9: =IFERROR(GQ9/GM9-1,"") -> 0.085828402 | GS9: 249599.38 | GT9: =GS9/GO9-1 -> -0.0039338367 | GU9: 389 | GV9: =GU9/GQ9-1 -> 0.059916624 | GW9: 250351.63 | GX9: =GW9/GS9-1 -> 0.0030138589 | GY9: 335 | GZ9: =GY9/GU9-1 -> -0.13881748 | HA9: 255095.02 | HB9: 0.01894691 | HC9: 310 | HD9: -0.074626866 | HE9: 258239.37 | HF9: 0.01232619 | HG9: 310 | HH9: 0 | HI9: =VLOOKUP(A9,[4]Москва_продажа_районы!$C$4:$F$151,3,0) -> 258265.35 | HJ9: =HI9/HE9-1 -> 0.00010058872 | HK9: =VLOOKUP(A9,[4]Москва_продажа_районы!$C$4:$F$151,2,0) -> 315 | HL9: =HK9/HG9-1 -> 0.016129032 | HM9: =VLOOKUP(A9,Лист3!$C$4:$F$149,3,0) -> 258430.87 | HN9: =HM9/HI9-1 -> 0.00064089048 | HO9: =VLOOKUP(A9,Лист3!$C$4:$F$149,2,0) -> 353 | HP9: =HO9/HK9-1 -> 0.12063492 | HQ9: 262147.74 | HR9: 0.014382446 | HS9: 334 | HT9: -0.053824363 | HU9: 263616.76 | HV9: 0.0056038106 | HW9: 280 | HX9: -0.16167665 | HY9: 267035.53 | HZ9: 0.012968714 | IA9: 284 | IB9: 0.014285714 | IC9: 266156.31 | ID9: -0.0032925386 | IE9: 286 | IF9: 0.0070422535
A10: Измайлово | B10: 195658.9 | C10: 359 | D10: 193237.62 | E10: 340 | F10: 196172.11 | G10: 225 | H10: 201798.53 | I10: 250 | J10: 200808.82 | K10: 315 | L10: 200136.03 | M10: 321 | N10: 203225.56 | O10: 323 | P10: 205677.99 | Q10: 316 | R10: 213483.73 | S10: 290 | T10: 216702.05 | U10: 276 | V10: 218657.49 | W10: 271 | X10: 226056.54 | Y10: 232 | Z10: 230048.24 | AA10: 288 | AB10: 235408.58 | AC10: 308 | AD10: 240624.5 | AE10: 257 | AF10: =AD10/X10-1 -> 0.064443902 | AG10: =AE10/$AJ$1 -> 0.071053359 | AH10: =#REF!*AG10 -> #REF! | AI10: =AE10+AH10 -> #REF! | AL10: 245990.64 | AR10: 253 | AS10: 265 | AT10: 246727.08 | AU10: =AT10/AL10-1 -> 0.0029937612 | AV10: 250 | AW10: 252236.73 | AX10: 268 | AY10: 253860.73 | AZ10: 265 | BA10: 259058.78 | BB10: 256 | BC10: =BA10/AY10-1 -> 0.020475975 | BD10: 264 | BE10: 266492.7 | BF10: =BE10/BA10-1 -> 0.028695902 | BG10: 276 | BH10: 268173.81 | BI10: =BH10/BE10-1 -> 0.0063082789 | BJ10: 249 | BK10: 277275.89 | BL10: =BK10/BH10-1 -> 0.033940968 | BM10: 281221.87 | BN10: =BM10/BK10-1 -> 0.014231224 | BO10: 251 | BP10: =BO10/BJ10-1 -> 0.0080321285 | BQ10: 284650.34 | BR10: =IFERROR(BQ10/BM10-1,"") -> 0.012191334 | BS10: 272 | BT10: =IFERROR(BS10/BO10-1,"") -> 0.083665339 | BU10: 294134.84 | BV10: =BU10/BQ10-1 -> 0.03331984 | BW10: 260 | BX10: =BW10/BS10-1 -> -0.044117647 | BY10: 295391.17 | BZ10: =BY10/BU10-1 -> 0.0042712807 | CA10: 312 | CB10: =CA10/BW10-1 -> 0.2 | CC10: 293274.58 | CD10: =CC10/BY10-1 -> -0.0071653999 | CE10: 315 | CF10: =CE10/CA10-1 -> 0.0096153846 | CG10: 286049.74 | CH10: =CG10/CC10-1 -> -0.024635054 | CI10: 340 | CJ10: =CI10/CE10-1 -> 0.079365079 | CK10: 282358.05 | CL10: =CK10/CG10-1 -> -0.012905765 | CM10: 361 | CN10: =CM10/CI10-1 -> 0.061764706 | CO10: 281643.84 | CP10: -0.0025294437 | CQ10: 376 | CR10: 0.041551247 | CS10: 274704.59 | CT10: =IFERROR(CS10/CO10-1,"") -> -0.024638417 | CU10: 384 | CV10: =IFERROR(CU10/CQ10-1,"") -> 0.021276596 | CW10: 272109.07 | CX10: =IFERROR(CW10/CS10-1,"") -> -0.0094483823 | CY10: 383 | CZ10: =IFERROR(CY10/CU10-1,"") -> -0.0026041667 | DA10: 266474.73 | DB10: =IFERROR(DA10/CW10-1,"") -> -0.020706175 | DC10: 355 | DD10: =IFERROR(DC10/CY10-1,"") -> -0.07310705 | DE10: 269353.68 | DF10: =IFERROR(DE10/DA10-1,"") -> 0.010803839 | DG10: 350 | DH10: =IFERROR(DG10/DC10-1,"") -> -0.014084507 | DI10: 269326.23 | DJ10: =IFERROR(DI10/DE10-1,"") -> -0.00010191549 | DK10: 338 | DL10: =IFERROR(DK10/DG10-1,"") -> -0.034285714 | DM10: 270777.44 | DN10: =IFERROR(DM10/DI10-1,"") -> 0.0053883021 | DO10: 380 | DP10: =IFERROR(DO10/DK10-1,"") -> 0.12426036 | DQ10: 269907.6 | DR10: =IFERROR(DQ10/DM10-1,"") -> -0.0032123804 | DS10: 432 | DT10: =IFERROR(DS10/DO10-1,"") -> 0.13684211 | DU10: 270616.08 | DV10: =IFERROR(DU10/DQ10-1,"") -> 0.0026248879 | DW10: 436 | DX10: =IFERROR(DW10/DS10-1,"") -> 0.0092592593 | DY10: 271118.36 | DZ10: =IFERROR(DY10/DU10-1,"") -> 0.0018560675 | EA10: 443 | EB10: =IFERROR(EA10/DW10-1,"") -> 0.016055046 | EC10: 272027.96 | ED10: =IFERROR(EC10/DY10-1,"") -> 0.0033549951 | EE10: =IFERROR(VLOOKUP($A10,[1]Москва_продажа_районы!$C$2:$F$148,2,0),"") -> 403 | EF10: -0.090293454 | EG10: 271998.38 | EH10: =IFERROR(EG10/EC10-1,"") -> -0.00010874291 | EI10: =IFERROR(VLOOKUP($A10,[2]Москва_продажа_районы!$C$2:$F$150,2,0),"") -> 368 | EJ10: -0.086848635 | EK10: 273346.94 | EL10: =IFERROR(EK10/EG10-1,"") -> 0.0049579697 | EM10: 320 | EN10: =IFERROR(EM10/EI10-1,"") -> -0.13043478 | EO10: 280636.8 | EP10: =IFERROR(EO10/EK10-1,"") -> 0.026668895 | EQ10: 292 | ER10: =IFERROR(EQ10/EM10-1,"") -> -0.0875 | ES10: 283859.97 | ET10: =IFERROR(ES10/EO10-1,"") -> 0.011485177 | EU10: 258 | EV10: =IFERROR(EU10/EQ10-1,"") -> -0.11643836 | EW10: 292963.57 | EX10: =IFERROR(EW10/ES10-1,"") -> 0.03207076 | EY10: 249 | EZ10: =IFERROR(EY10/EU10-1,"") -> -0.034883721 | FA10: 292103.7 | FB10: =IFERROR(FA10/EW10-1,"") -> -0.002935067 | FC10: 231 | FD10: =IFERROR(FC10/EY10-1,"") -> -0.072289157 | FE10: 303006.01 | FF10: =IFERROR(FE10/FA10-1,"") -> 0.037323423 | FG10: 246 | FH10: =IFERROR(FG10/FC10-1,"") -> 0.064935065 | FI10: 302862.48 | FJ10: =IFERROR(FI10/FE10-1,"") -> -0.00047368462 | FK10: 291 | FL10: =IFERROR(FK10/FG10-1,"") -> 0.18292683 | FM10: 299123.61 | FN10: =IFERROR(FM10/FI10-1,"") -> -0.012345122 | FO10: 293 | FP10: =IFERROR(FO10/FK10-1,"") -> 0.0068728522 | FQ10: 297320.02 | FR10: =IFERROR(FQ10/FM10-1,"") -> -0.0060295821 | FS10: 305 | FT10: =IFERROR(FS10/FO10-1,"") -> 0.040955631 | FU10: 299553.49 | FV10: =IFERROR(FU10/FQ10-1,"") -> 0.0075120016 | FW10: 294 | FX10: =IFERROR(FW10/FS10-1,"") -> -0.036065574 | FY10: 299465.89 | FZ10: =IFERROR(FY10/FU10-1,"") -> -0.00029243273 | GA10: 285 | GB10: =IFERROR(GA10/FW10-1,"") -> -0.030612245 | GC10: 300384.55 | GD10: =IFERROR(GC10/FY10-1,"") -> 0.0030676602 | GE10: 281 | GF10: =IFERROR(GE10/GA10-1,"") -> -0.014035088 | GG10: =IFERROR(VLOOKUP(A10,[3]Москва_продажа_районы!$C$2:$F$149,3,0),"") -> 293328.27 | GH10: -0.023490805 | GI10: 316 | GJ10: =IFERROR(GI10/GE10-1,"") -> 0.12455516 | GK10: 296083.62 | GL10: =IFERROR(GK10/GG10-1,"") -> 0.0093933888 | GM10: 302 | GN10: =IFERROR(GM10/GI10-1,"") -> -0.044303797 | GO10: 301466.99 | GP10: =IFERROR(GO10/GK10-1,"") -> 0.018181911 | GQ10: 308.16 | GR10: =IFERROR(GQ10/GM10-1,"") -> 0.020397351 | GS10: 300273.95 | GT10: =GS10/GO10-1 -> -0.0039574492 | GU10: 322 | GV10: =GU10/GQ10-1 -> 0.044911734 | GW10: 301631.73 | GX10: =GW10/GS10-1 -> 0.0045218322 | GY10: 272 | GZ10: =GY10/GU10-1 -> -0.1552795 | HA10: 302494.09 | HB10: 0.0028589859 | HC10: 217 | HD10: -0.20220588 | HE10: 302708.05 | HF10: 0.00070732053 | HG10: 263 | HH10: 0.21198157 | HI10: =VLOOKUP(A10,[4]Москва_продажа_районы!$C$4:$F$151,3,0) -> 300032.06 | HJ10: =HI10/HE10-1 -> -0.0088401726 | HK10: =VLOOKUP(A10,[4]Москва_продажа_районы!$C$4:$F$151,2,0) -> 261 | HL10: =HK10/HG10-1 -> -0.0076045627 | HM10: =VLOOKUP(A10,Лист3!$C$4:$F$149,3,0) -> 301963.97 | HN10: =HM10/HI10-1 -> 0.0064389956 | HO10: =VLOOKUP(A10,Лист3!$C$4:$F$149,2,0) -> 243 | HP10: =HO10/HK10-1 -> -0.068965517 | HQ10: 301503.63 | HR10: -0.001524468 | HS10: 248 | HT10: 0.020576132 | HU10: 300545.73 | HV10: -0.0031771036 | HW10: 258 | HX10: 0.040322581 | HY10: 305918.74 | HZ10: 0.017877533 | IA10: 277 | IB10: 0.073643411 | IC10: 311235.4 | ID10: 0.017379312 | IE10: 265 | IF10: -0.0433213
A11: Косино-Ухтомский | B11: 160944.54 | C11: 348 | D11: 166207.24 | E11: 329 | F11: 166002.55 | G11: 215 | H11: 165081.11 | I11: 212 | J11: 164525.74 | K11: 270 | L11: 166289.97 | M11: 262 | N11: 168590.75 | O11: 245 | P11: 171424.87 | Q11: 214 | R11: 173109.34 | S11: 182 | T11: 181638.99 | U11: 160 | V11: 187246.68 | W11: 137 | X11: 190463.3 | Y11: 146 | Z11: 192539.41 | AA11: 167 | AB11: 194473.3 | AC11: 187 | AD11: 206691.98 | AE11: 198 | AF11: =AD11/X11-1 -> 0.08520634 | AG11: =AE11/$AJ$1 -> 0.054741498 | AH11: =#REF!*AG11 -> #REF! | AI11: =AE11+AH11 -> #REF! | AL11: 208304.28 | AR11: 223 | AS11: 222 | AT11: 209925 | AU11: =AT11/AL11-1 -> 0.0077805243 | AV11: 215 | AW11: 212425.32 | AX11: 230 | AY11: 218448.57 | AZ11: 201 | BA11: 220551.73 | BB11: 206 | BC11: =BA11/AY11-1 -> 0.0096277342 | BD11: 221 | BE11: 229164.54 | BF11: =BE11/BA11-1 -> 0.039051209 | BG11: 237 | BH11: 228750.38 | BI11: =BH11/BE11-1 -> -0.0018072822 | BJ11: 220 | BK11: 236052.56 | BL11: =BK11/BH11-1 -> 0.03192205 | BM11: 236648.36 | BN11: =BM11/BK11-1 -> 0.0025240272 | BO11: 178 | BP11: =BO11/BJ11-1 -> -0.19090909 | BQ11: 240436.41 | BR11: =IFERROR(BQ11/BM11-1,"") -> 0.01600707 | BS11: 196 | BT11: =IFERROR(BS11/BO11-1,"") -> 0.1011236 | BU11: 247412.01 | BV11: =BU11/BQ11-1 -> 0.029012261 | BW11: 203 | BX11: =BW11/BS11-1 -> 0.035714286 | BY11: 250068.28 | BZ11: =BY11/BU11-1 -> 0.010736181 | CA11: 188 | CB11: =CA11/BW11-1 -> -0.073891626 | CC11: 245587.69 | CD11: =CC11/BY11-1 -> -0.017917452 | CE11: 205 | CF11: =CE11/CA11-1 -> 0.090425532 | CG11: 241102.68 | CH11: =CG11/CC11-1 -> -0.018262351 | CI11: 233 | CJ11: =CI11/CE11-1 -> 0.13658537 | CK11: 237535.25 | CL11: =CK11/CG11-1 -> -0.014796306 | CM11: 216 | CN11: =CM11/CI11-1 -> -0.072961373 | CO11: 235600.08 | CP11: -0.0081468919 | CQ11: 217 | CR11: 0.0046296296 | CS11: 237286.6 | CT11: =IFERROR(CS11/CO11-1,"") -> 0.0071584051 | CU11: 224 | CV11: =IFERROR(CU11/CQ11-1,"") -> 0.032258065 | CW11: 235128.43 | CX11: =IFERROR(CW11/CS11-1,"") -> -0.0090951984 | CY11: 240 | CZ11: =IFERROR(CY11/CU11-1,"") -> 0.071428571 | DA11: 232671.83 | DB11: =IFERROR(DA11/CW11-1,"") -> -0.010447909 | DC11: 246 | DD11: =IFERROR(DC11/CY11-1,"") -> 0.025 | DE11: 234628.66 | DF11: =IFERROR(DE11/DA11-1,"") -> 0.0084102659 | DG11: 250 | DH11: =IFERROR(DG11/DC11-1,"") -> 0.016260163 | DI11: 235287.69 | DJ11: =IFERROR(DI11/DE11-1,"") -> 0.0028088287 | DK11: 228 | DL11: =IFERROR(DK11/DG11-1,"") -> -0.088 | DM11: 232778.26 | DN11: =IFERROR(DM11/DI11-1,"") -> -0.010665378 | DO11: 226 | DP11: =IFERROR(DO11/DK11-1,"") -> -0.0087719298 | DQ11: 234730.32 | DR11: =IFERROR(DQ11/DM11-1,"") -> 0.0083859007 | DS11: 263 | DT11: =IFERROR(DS11/DO11-1,"") -> 0.16371681 | DU11: 232914.47 | DV11: =IFERROR(DU11/DQ11-1,"") -> -0.0077358615 | DW11: 243 | DX11: =IFERROR(DW11/DS11-1,"") -> -0.076045627 | DY11: 232681.95 | DZ11: =IFERROR(DY11/DU11-1,"") -> -0.00099831133 | EA11: 223 | EB11: =IFERROR(EA11/DW11-1,"") -> -0.082304527 | EC11: 235636.31 | ED11: =IFERROR(EC11/DY11-1,"") -> 0.012696978 | EE11: =IFERROR(VLOOKUP($A11,[1]Москва_продажа_районы!$C$2:$F$148,2,0),"") -> 232 | EF11: 0.040358744 | EG11: 239507.41 | EH11: =IFERROR(EG11/EC11-1,"") -> 0.016428298 | EI11: =IFERROR(VLOOKUP($A11,[2]Москва_продажа_районы!$C$2:$F$150,2,0),"") -> 220 | EJ11: -0.051724138 | EK11: 239984.38 | EL11: =IFERROR(EK11/EG11-1,"") -> 0.0019914259 | EM11: 216 | EN11: =IFERROR(EM11/EI11-1,"") -> -0.018181818 | EO11: 242964.9 | EP11: =IFERROR(EO11/EK11-1,"") -> 0.012419655 | EQ11: 228 | ER11: =IFERROR(EQ11/EM11-1,"") -> 0.055555556 | ES11: 258156.59 | ET11: =IFERROR(ES11/EO11-1,"") -> 0.062526277 | EU11: 216 | EV11: =IFERROR(EU11/EQ11-1,"") -> -0.052631579 | EW11: 247904.69 | EX11: =IFERROR(EW11/ES11-1,"") -> -0.039711931 | EY11: 204 | EZ11: =IFERROR(EY11/EU11-1,"") -> -0.055555556 | FA11: 248010.43 | FB11: =IFERROR(FA11/EW11-1,"") -> 0.00042654287 | FC11: 186 | FD11: =IFERROR(FC11/EY11-1,"") -> -0.088235294 | FE11: 249468.31 | FF11: =IFERROR(FE11/FA11-1,"") -> 0.0058782649 | FG11: 186 | FH11: =IFERROR(FG11/FC11-1,"") -> 0 | FI11: 249436.04 | FJ11: =IFERROR(FI11/FE11-1,"") -> -0.00012935469 | FK11: 212 | FL11: =IFERROR(FK11/FG11-1,"") -> 0.13978495 | FM11: 251071.97 | FN11: =IFERROR(FM11/FI11-1,"") -> 0.0065585269 | FO11: 216 | FP11: =IFERROR(FO11/FK11-1,"") -> 0.018867925 | FQ11: 250876.71 | FR11: =IFERROR(FQ11/FM11-1,"") -> -0.00077769531 | FS11: 211 | FT11: =IFERROR(FS11/FO11-1,"") -> -0.023148148 | FU11: 251286.35 | FV11: =IFERROR(FU11/FQ11-1,"") -> 0.0016328474 | FW11: 211 | FX11: =IFERROR(FW11/FS11-1,"") -> 0 | FY11: 253108.52 | FZ11: =IFERROR(FY11/FU11-1,"") -> 0.0072513487 | GA11: 213 | GB11: =IFERROR(GA11/FW11-1,"") -> 0.009478673 | GC11: 251848.15 | GD11: =IFERROR(GC11/FY11-1,"") -> -0.0049795513 | GE11: 206 | GF11: =IFERROR(GE11/GA11-1,"") -> -0.03286385 | GG11: =IFERROR(VLOOKUP(A11,[3]Москва_продажа_районы!$C$2:$F$149,3,0),"") -> 248782.45 | GH11: -0.012172804 | GI11: 224 | GJ11: =IFERROR(GI11/GE11-1,"") -> 0.087378641 | GK11: 247639.11 | GL11: =IFERROR(GK11/GG11-1,"") -> -0.0045957417 | GM11: 224 | GN11: =IFERROR(GM11/GI11-1,"") -> 0 | GO11: 253427.83 | GP11: =IFERROR(GO11/GK11-1,"") -> 0.023375613 | GQ11: 217.21 | GR11: =IFERROR(GQ11/GM11-1,"") -> -0.0303125 | GS11: 248123.67 | GT11: =GS11/GO11-1 -> -0.020929677 | GU11: 245 | GV11: =GU11/GQ11-1 -> 0.1279407 | GW11: 252002.78 | GX11: =GW11/GS11-1 -> 0.015633783 | GY11: 203 | GZ11: =GY11/GU11-1 -> -0.17142857 | HA11: 250377.96 | HB11: -0.0064476433 | HC11: 217 | HD11: 0.068965517 | HE11: 259400.89 | HF11: 0.036037262 | HG11: 161 | HH11: -0.25806452 | HI11: =VLOOKUP(A11,[4]Москва_продажа_районы!$C$4:$F$151,3,0) -> 259604.53 | HJ11: =HI11/HE11-1 -> 0.00078501653 | HK11: =VLOOKUP(A11,[4]Москва_продажа_районы!$C$4:$F$151,2,0) -> 164 | HL11: =HK11/HG11-1 -> 0.01863354 | HM11: =VLOOKUP(A11,Лист3!$C$4:$F$149,3,0) -> 263456.5 | HN11: =HM11/HI11-1 -> 0.014837837 | HO11: =VLOOKUP(A11,Лист3!$C$4:$F$149,2,0) -> 170 | HP11: =HO11/HK11-1 -> 0.036585366 | HQ11: 267396.97 | HR11: 0.01495683 | HS11: 174 | HT11: 0.023529412 | HU11: 265672.57 | HV11: -0.0064488296 | HW11: 162 | HX11: -0.068965517 | HY11: 265724.78 | HZ11: 0.00019652637 | IA11: 181 | IB11: 0.11728395 | IC11: 268914.5 | ID11: 0.012003836 | IE11: 176 | IF11: -0.027624309
A12: Метрогородок | B12: 175193.34 | C12: 90 | D12: 180170.5 | E12: 96 | F12: 181021 | G12: 71 | H12: 181545.82 | I12: 64 | J12: 181892.34 | K12: 72 | L12: 181053.62 | M12: 79 | N12: 184111.85 | O12: 86 | P12: 188991.64 | Q12: 92 | R12: 194944.76 | S12: 79 | T12: 201385.72 | U12: 78 | V12: 209926.8 | W12: 85 | X12: 208197.58 | Y12: 79 | Z12: 211154.09 | AA12: 87 | AB12: 215610.66 | AC12: 107 | AD12: 224410.24 | AE12: 102 | AF12: =AD12/X12-1 -> 0.077871507 | AG12: =AE12/$AJ$1 -> 0.028200166 | AH12: =#REF!*AG12 -> #REF! | AI12: =AE12+AH12 -> #REF! | AL12: 229501.1 | AR12: 106 | AS12: 138 | AT12: 230796 | AU12: =AT12/AL12-1 -> 0.0056422171 | AV12: 124 | AW12: 233788.65 | AX12: 140 | AY12: 233273.93 | AZ12: 128 | BA12: 232386.5 | BB12: 125 | BC12: =BA12/AY12-1 -> -0.0038042288 | BD12: 142 | BE12: 254963.46 | BF12: =BE12/BA12-1 -> 0.097152614 | BG12: 128 | BH12: 259967.72 | BI12: =BH12/BE12-1 -> 0.019627363 | BJ12: 118 | BK12: 262332.73 | BL12: =BK12/BH12-1 -> 0.0090973315 | BM12: 262758.23 | BN12: =BM12/BK12-1 -> 0.0016219861 | BO12: 109 | BP12: =BO12/BJ12-1 -> -0.076271186 | BQ12: 267547.3 | BR12: =IFERROR(BQ12/BM12-1,"") -> 0.018226143 | BS12: 123 | BT12: =IFERROR(BS12/BO12-1,"") -> 0.12844037 | BU12: 269143.55 | BV12: =BU12/BQ12-1 -> 0.0059662089 | BW12: 133 | BX12: =BW12/BS12-1 -> 0.081300813 | BY12: 280570.1 | BZ12: =BY12/BU12-1 -> 0.042455245 | CA12: 112 | CB12: =CA12/BW12-1 -> -0.15789474 | CC12: 277125.28 | CD12: =CC12/BY12-1 -> -0.012277933 | CE12: 110 | CF12: =CE12/CA12-1 -> -0.017857143 | CG12: 273802.65 | CH12: =CG12/CC12-1 -> -0.011989617 | CI12: 127 | CJ12: =CI12/CE12-1 -> 0.15454545 | CK12: 271044.79 | CL12: =CK12/CG12-1 -> -0.010072442 | CM12: 139 | CN12: =CM12/CI12-1 -> 0.094488189 | CO12: 268916.36 | CP12: -0.007852698 | CQ12: 136 | CR12: -0.021582734 | CS12: 265448.37 | CT12: =IFERROR(CS12/CO12-1,"") -> -0.012896175 | CU12: 161 | CV12: =IFERROR(CU12/CQ12-1,"") -> 0.18382353 | CW12: 261173.39 | CX12: =IFERROR(CW12/CS12-1,"") -> -0.016104742 | CY12: 162 | CZ12: =IFERROR(CY12/CU12-1,"") -> 0.0062111801 | DA12: 252158.3 | DB12: =IFERROR(DA12/CW12-1,"") -> -0.034517638 | DC12: 153 | DD12: =IFERROR(DC12/CY12-1,"") -> -0.055555556 | DE12: 251321.64 | DF12: =IFERROR(DE12/DA12-1,"") -> -0.003318 | DG12: 138 | DH12: =IFERROR(DG12/DC12-1,"") -> -0.098039216 | DI12: 256667.19 | DJ12: =IFERROR(DI12/DE12-1,"") -> 0.021269765 | DK12: 134 | DL12: =IFERROR(DK12/DG12-1,"") -> -0.028985507 | DM12: 254258.43 | DN12: =IFERROR(DM12/DI12-1,"") -> -0.0093847568 | DO12: 133 | DP12: =IFERROR(DO12/DK12-1,"") -> -0.0074626866 | DQ12: 251915.22 | DR12: =IFERROR(DQ12/DM12-1,"") -> -0.0092158612 | DS12: 132 | DT12: =IFERROR(DS12/DO12-1,"") -> -0.007518797 | DU12: 254768.99 | DV12: =IFERROR(DU12/DQ12-1,"") -> 0.011328284 | DW12: 116 | DX12: =IFERROR(DW12/DS12-1,"") -> -0.12121212 | DY12: 255900.72 | DZ12: =IFERROR(DY12/DU12-1,"") -> 0.0044421994 | EA12: 115 | EB12: =IFERROR(EA12/DW12-1,"") -> -0.0086206897 | EC12: 252804.15 | ED12: =IFERROR(EC12/DY12-1,"") -> -0.012100678 | EE12: =IFERROR(VLOOKUP($A12,[1]Москва_продажа_районы!$C$2:$F$148,2,0),"") -> 110 | EF12: -0.043478261 | EG12: 253731.26 | EH12: =IFERROR(EG12/EC12-1,"") -> 0.003667285 | EI12: =IFERROR(VLOOKUP($A12,[2]Москва_продажа_районы!$C$2:$F$150,2,0),"") -> 98 | EJ12: -0.10909091 | EK12: 264529.21 | EL12: =IFERROR(EK12/EG12-1,"") -> 0.042556645 | EM12: 98 | EN12: =IFERROR(EM12/EI12-1,"") -> 0 | EO12: 274130.31 | EP12: =IFERROR(EO12/EK12-1,"") -> 0.036295063 | EQ12: 92 | ER12: =IFERROR(EQ12/EM12-1,"") -> -0.06122449 | ES12: 286379.04 | ET12: =IFERROR(ES12/EO12-1,"") -> 0.044682138 | EU12: 108 | EV12: =IFERROR(EU12/EQ12-1,"") -> 0.17391304 | EW12: 289114.43 | EX12: =IFERROR(EW12/ES12-1,"") -> 0.0095516363 | EY12: 123 | EZ12: =IFERROR(EY12/EU12-1,"") -> 0.13888889 | FA12: 287488.52 | FB12: =IFERROR(FA12/EW12-1,"") -> -0.0056237422 | FC12: 105 | FD12: =IFERROR(FC12/EY12-1,"") -> -0.14634146 | FE12: 286190.11 | FF12: =IFERROR(FE12/FA12-1,"") -> -0.0045164086 | FG12: 113 | FH12: =IFERROR(FG12/FC12-1,"") -> 0.076190476 | FI12: 287885.03 | FJ12: =IFERROR(FI12/FE12-1,"") -> 0.0059223593 | FK12: 140 | FL12: =IFERROR(FK12/FG12-1,"") -> 0.23893805 | FM12: 290570.77 | FN12: =IFERROR(FM12/FI12-1,"") -> 0.0093291989 | FO12: 139 | FP12: =IFERROR(FO12/FK12-1,"") -> -0.0071428571 | FQ12: 286013.35 | FR12: =IFERROR(FQ12/FM12-1,"") -> -0.015684343 | FS12: 152 | FT12: =IFERROR(FS12/FO12-1,"") -> 0.09352518 | FU12: 286316.13 | FV12: =IFERROR(FU12/FQ12-1,"") -> 0.0010585985 | FW12: 159 | FX12: =IFERROR(FW12/FS12-1,"") -> 0.046052632 | FY12: 286501.17 | FZ12: =IFERROR(FY12/FU12-1,"") -> 0.00064628137 | GA12: 144 | GB12: =IFERROR(GA12/FW12-1,"") -> -0.094339623 | GC12: 289066.24 | GD12: =IFERROR(GC12/FY12-1,"") -> 0.0089530759 | GE12: 144 | GF12: =IFERROR(GE12/GA12-1,"") -> 0 | GG12: =IFERROR(VLOOKUP(A12,[3]Москва_продажа_районы!$C$2:$F$149,3,0),"") -> 296620.52 | GH12: 0.026133394 | GI12: 149 | GJ12: =IFERROR(GI12/GE12-1,"") -> 0.034722222 | GK12: 290610.56 | GL12: =IFERROR(GK12/GG12-1,"") -> -0.020261422 | GM12: 137 | GN12: =IFERROR(GM12/GI12-1,"") -> -0.080536913 | GO12: 275788.13 | GP12: =IFERROR(GO12/GK12-1,"") -> -0.05100447 | GQ12: 113.42 | GR12: =IFERROR(GQ12/GM12-1,"") -> -0.17211679 | GS12: 280359.6 | GT12: =GS12/GO12-1 -> 0.016576049 | GU12: 116 | GV12: =GU12/GQ12-1 -> 0.022747311 | GW12: 282830.58 | GX12: =GW12/GS12-1 -> 0.0088135841 | GY12: 95 | GZ12: =GY12/GU12-1 -> -0.18103448 | HA12: 287629.26 | HB12: 0.016966649 | HC12: 77 | HD12: -0.18947368 | HE12: 288135.05 | HF12: 0.0017584681 | HG12: 100 | HH12: 0.2987013 | HI12: =VLOOKUP(A12,[4]Москва_продажа_районы!$C$4:$F$151,3,0) -> 285417.7 | HJ12: =HI12/HE12-1 -> -0.0094308363 | HK12: =VLOOKUP(A12,[4]Москва_продажа_районы!$C$4:$F$151,2,0) -> 108 | HL12: =HK12/HG12-1 -> 0.08 | HM12: =VLOOKUP(A12,Лист3!$C$4:$F$149,3,0) -> 285604.24 | HN12: =HM12/HI12-1 -> 0.00065358215 | HO12: =VLOOKUP(A12,Лист3!$C$4:$F$149,2,0) -> 78 | HP12: =HO12/HK12-1 -> -0.27777778 | HQ12: 283169.83 | HR12: -0.0085237103 | HS12: 86 | HT12: 0.1025641 | HU12: 288836.36 | HV12: 0.020011054 | HW12: 85 | HX12: -0.011627907 | HY12: 296590.48 | HZ12: 0.026846072 | IA12: 100 | IB12: 0.17647059 | IC12: 292177.92 | ID12: -0.014877617 | IE12: 75 | IF12: -0.25
A13: Новогиреево | B13: 188752.01 | C13: 361 | D13: 189498.61 | E13: 304 | F13: 189618.64 | G13: 179 | H13: 190363.13 | I13: 200 | J13: 192499.19 | K13: 269 | L13: 193419.51 | M13: 241 | N13: 198050.82 | O13: 233 | P13: 197361.72 | Q13: 241 | R13: 201360.44 | S13: 254 | T13: 207215.57 | U13: 218 | V13: 214311.79 | W13: 195 | X13: 219368.96 | Y13: 185 | Z13: 223600 | AA13: 204 | AB13: 232000.9 | AC13: 224 | AD13: 231531.83 | AE13: 226 | AF13: =AD13/X13-1 -> 0.055444821 | AG13: =AE13/$AJ$1 -> 0.06248272 | AH13: =#REF!*AG13 -> #REF! | AI13: =AE13+AH13 -> #REF! | AL13: 234698.69 | AR13: 257 | AS13: 243 | AT13: 234523.57 | AU13: =AT13/AL13-1 -> -0.00074611862 | AV13: 281 | AW13: 242515.82 | AX13: 298 | AY13: 242881.45 | AZ13: 274 | BA13: 247596.89 | BB13: 274 | BC13: =BA13/AY13-1 -> 0.019414605 | BD13: 274 | BE13: 249599.01 | BF13: =BE13/BA13-1 -> 0.0080861884 | BG13: 234 | BH13: 252197.13 | BI13: =BH13/BE13-1 -> 0.010409167 | BJ13: 220 | BK13: 254753.47 | BL13: =BK13/BH13-1 -> 0.010136284 | BM13: 256431.32 | BN13: =BM13/BK13-1 -> 0.0065861612 | BO13: 193 | BP13: =BO13/BJ13-1 -> -0.12272727 | BQ13: 264553.48 | BR13: =IFERROR(BQ13/BM13-1,"") -> 0.031673822 | BS13: 177 | BT13: =IFERROR(BS13/BO13-1,"") -> -0.082901554 | BU13: 273936.44 | BV13: =BU13/BQ13-1 -> 0.035467158 | BW13: 170 | BX13: =BW13/BS13-1 -> -0.039548023 | BY13: 274279.5 | BZ13: =BY13/BU13-1 -> 0.0012523586 | CA13: 177 | CB13: =CA13/BW13-1 -> 0.041176471 | CC13: 271417.38 | CD13: =CC13/BY13-1 -> -0.01043505 | CE13: 219 | CF13: =CE13/CA13-1 -> 0.23728814 | CG13: 269162.55 | CH13: =CG13/CC13-1 -> -0.0083076135 | CI13: 242 | CJ13: =CI13/CE13-1 -> 0.10502283 | CK13: 266732.3 | CL13: =CK13/CG13-1 -> -0.0090289252 | CM13: 269 | CN13: =CM13/CI13-1 -> 0.11157025 | CO13: 264478.85 | CP13: -0.0084483582 | CQ13: 273 | CR13: 0.014869888 | CS13: 265185.52 | CT13: =IFERROR(CS13/CO13-1,"") -> 0.002671927 | CU13: 298 | CV13: =IFERROR(CU13/CQ13-1,"") -> 0.091575092 | CW13: 262052.74 | CX13: =IFERROR(CW13/CS13-1,"") -> -0.011813544 | CY13: 314 | CZ13: =IFERROR(CY13/CU13-1,"") -> 0.053691275 | DA13: 257877.09 | DB13: =IFERROR(DA13/CW13-1,"") -> -0.015934385 | DC13: 304 | DD13: =IFERROR(DC13/CY13-1,"") -> -0.031847134 | DE13: 254993.15 | DF13: =IFERROR(DE13/DA13-1,"") -> -0.011183392 | DG13: 272 | DH13: =IFERROR(DG13/DC13-1,"") -> -0.10526316 | DI13: 260304.92 | DJ13: =IFERROR(DI13/DE13-1,"") -> 0.020831018 | DK13: 262 | DL13: =IFERROR(DK13/DG13-1,"") -> -0.036764706 | DM13: 256095.28 | DN13: =IFERROR(DM13/DI13-1,"") -> -0.016171953 | DO13: 282 | DP13: =IFERROR(DO13/DK13-1,"") -> 0.076335878 | DQ13: 255722.4 | DR13: =IFERROR(DQ13/DM13-1,"") -> -0.0014560081 | DS13: 295 | DT13: =IFERROR(DS13/DO13-1,"") -> 0.046099291 | DU13: 256859.8 | DV13: =IFERROR(DU13/DQ13-1,"") -> 0.0044477854 | DW13: 271 | DX13: =IFERROR(DW13/DS13-1,"") -> -0.081355932 | DY13: 263088.81 | DZ13: =IFERROR(DY13/DU13-1,"") -> 0.02425063 | EA13: 292 | EB13: =IFERROR(EA13/DW13-1,"") -> 0.077490775 | EC13: 269296.72 | ED13: =IFERROR(EC13/DY13-1,"") -> 0.023596259 | EE13: =IFERROR(VLOOKUP($A13,[1]Москва_продажа_районы!$C$2:$F$148,2,0),"") -> 280 | EF13: -0.04109589 | EG13: 266055.16 | EH13: =IFERROR(EG13/EC13-1,"") -> -0.012037166 | EI13: =IFERROR(VLOOKUP($A13,[2]Москва_продажа_районы!$C$2:$F$150,2,0),"") -> 242 | EJ13: -0.13571429 | EK13: 275475.51 | EL13: =IFERROR(EK13/EG13-1,"") -> 0.035407531 | EM13: 226 | EN13: =IFERROR(EM13/EI13-1,"") -> -0.066115702 | EO13: 277447.41 | EP13: =IFERROR(EO13/EK13-1,"") -> 0.0071581555 | EQ13: 228 | ER13: =IFERROR(EQ13/EM13-1,"") -> 0.0088495575 | ES13: 282486.95 | ET13: =IFERROR(ES13/EO13-1,"") -> 0.018163972 | EU13: 225 | EV13: =IFERROR(EU13/EQ13-1,"") -> -0.013157895 | EW13: 281099.28 | EX13: =IFERROR(EW13/ES13-1,"") -> -0.0049123496 | EY13: 202 | EZ13: =IFERROR(EY13/EU13-1,"") -> -0.10222222 | FA13: 288959.76 | FB13: =IFERROR(FA13/EW13-1,"") -> 0.027963348 | FC13: 176 | FD13: =IFERROR(FC13/EY13-1,"") -> -0.12871287 | FE13: 289163.99 | FF13: =IFERROR(FE13/FA13-1,"") -> 0.00070679203 | FG13: 179 | FH13: =IFERROR(FG13/FC13-1,"") -> 0.017045455 | FI13: 287115.44 | FJ13: =IFERROR(FI13/FE13-1,"") -> -0.0070844038 | FK13: 219 | FL13: =IFERROR(FK13/FG13-1,"") -> 0.22346369 | FM13: 288273.58 | FN13: =IFERROR(FM13/FI13-1,"") -> 0.0040337125 | FO13: 229 | FP13: =IFERROR(FO13/FK13-1,"") -> 0.0456621 | FQ13: 288661.78 | FR13: =IFERROR(FQ13/FM13-1,"") -> 0.0013466561 | FS13: 249 | FT13: =IFERROR(FS13/FO13-1,"") -> 0.087336245 | FU13: 290420.62 | FV13: =IFERROR(FU13/FQ13-1,"") -> 0.0060930759 | FW13: 262 | FX13: =IFERROR(FW13/FS13-1,"") -> 0.052208835 | FY13: 288538.13 | FZ13: =IFERROR(FY13/FU13-1,"") -> -0.0064819597 | GA13: 266 | GB13: =IFERROR(GA13/FW13-1,"") -> 0.015267176 | GC13: 289380.34 | GD13: =IFERROR(GC13/FY13-1,"") -> 0.0029189091 | GE13: 275 | GF13: =IFERROR(GE13/GA13-1,"") -> 0.033834586 | GG13: =IFERROR(VLOOKUP(A13,[3]Москва_продажа_районы!$C$2:$F$149,3,0),"") -> 288070.55 | GH13: -0.0045261841 | GI13: 292 | GJ13: =IFERROR(GI13/GE13-1,"") -> 0.061818182 | GK13: 289614.13 | GL13: =IFERROR(GK13/GG13-1,"") -> 0.0053583346 | GM13: 307 | GN13: =IFERROR(GM13/GI13-1,"") -> 0.051369863 | GO13: 296444.12 | GP13: =IFERROR(GO13/GK13-1,"") -> 0.023583062 | GQ13: 304.95 | GR13: =IFERROR(GQ13/GM13-1,"") -> -0.0066775244 | GS13: 292092.16 | GT13: =GS13/GO13-1 -> -0.014680542 | GU13: 316 | GV13: =GU13/GQ13-1 -> 0.036235448 | GW13: 290146.67 | GX13: =GW13/GS13-1 -> -0.0066605544 | GY13: 267 | GZ13: =GY13/GU13-1 -> -0.15506329 | HA13: 292703.66 | HB13: 0.0088127548 | HC13: 225 | HD13: -0.15730337 | HE13: 300573.85 | HF13: 0.026887918 | HG13: 208 | HH13: -0.075555556 | HI13: =VLOOKUP(A13,[4]Москва_продажа_районы!$C$4:$F$151,3,0) -> 300466.76 | HJ13: =HI13/HE13-1 -> -0.00035628103 | HK13: =VLOOKUP(A13,[4]Москва_продажа_районы!$C$4:$F$151,2,0) -> 208 | HL13: =HK13/HG13-1 -> 0 | HM13: =VLOOKUP(A13,Лист3!$C$4:$F$149,3,0) -> 297223.46 | HN13: =HM13/HI13-1 -> -0.010794189 | HO13: =VLOOKUP(A13,Лист3!$C$4:$F$149,2,0) -> 231 | HP13: =HO13/HK13-1 -> 0.11057692 | HQ13: 295388.31 | HR13: -0.0061743312 | HS13: 237 | HT13: 0.025974026 | HU13: 299154.36 | HV13: 0.012749503 | HW13: 213 | HX13: -0.10126582 | HY13: 299810.58 | HZ13: 0.002193574 | IA13: 203 | IB13: -0.046948357 | IC13: 299797.27 | ID13: -4.4405886e-05 | IE13: 200 | IF13: -0.014778325
A14: Новокосино | B14: 162585.03 | C14: 226 | D14: 164512.63 | E14: 221 | F14: 164634.48 | G14: 142 | H14: 164050.18 | I14: 158 | J14: 167069.4 | K14: 207 | L14: 169644.85 | M14: 213 | N14: 170466.12 | O14: 219 | P14: 174884.33 | Q14: 209 | R14: 179853.13 | S14: 185 | T14: 188482.85 | U14: 148 | V14: 194456.52 | W14: 120 | X14: 202919.76 | Y14: 123 | Z14: 207747.31 | AA14: 153 | AB14: 214430 | AC14: 173 | AD14: 213906.68 | AE14: 162 | AF14: =AD14/X14-1 -> 0.054144184 | AG14: =AE14/$AJ$1 -> 0.044788499 | AH14: =#REF!*AG14 -> #REF! | AI14: =AE14+AH14 -> #REF! | AL14: 218974.47 | AR14: 162 | AS14: 162 | AT14: 218170.99 | AU14: =AT14/AL14-1 -> -0.0036693053 | AV14: 152 | AW14: 223987.49 | AX14: 168 | AY14: 227398.48 | AZ14: 149 | BA14: 229467.08 | BB14: 160 | BC14: =BA14/AY14-1 -> 0.0090967848 | BD14: 179 | BE14: 231966.71 | BF14: =BE14/BA14-1 -> 0.010893193 | BG14: 179 | BH14: 234165.53 | BI14: =BH14/BE14-1 -> 0.0094790598 | BJ14: 164 | BK14: 235593.73 | BL14: =BK14/BH14-1 -> 0.0060991037 | BM14: 240323.35 | BN14: =BM14/BK14-1 -> 0.020075292 | BO14: 157 | BP14: =BO14/BJ14-1 -> -0.042682927 | BQ14: 247437.61 | BR14: =IFERROR(BQ14/BM14-1,"") -> 0.029602888 | BS14: 183 | BT14: =IFERROR(BS14/BO14-1,"") -> 0.1656051 | BU14: 253655.73 | BV14: =BU14/BQ14-1 -> 0.02513003 | BW14: 173 | BX14: =BW14/BS14-1 -> -0.054644809 | BY14: 255349.6 | BZ14: =BY14/BU14-1 -> 0.0066778593 | CA14: 153 | CB14: =CA14/BW14-1 -> -0.11560694 | CC14: 249024.89 | CD14: =CC14/BY14-1 -> -0.024768853 | CE14: 162 | CF14: =CE14/CA14-1 -> 0.058823529 | CG14: 245731.41 | CH14: =CG14/CC14-1 -> -0.01322551 | CI14: 185 | CJ14: =CI14/CE14-1 -> 0.14197531 | CK14: 247167.74 | CL14: =CK14/CG14-1 -> 0.0058451354 | CM14: 202 | CN14: =CM14/CI14-1 -> 0.091891892 | CO14: 246602.61 | CP14: -0.0022864073 | CQ14: 218 | CR14: 0.079207921 | CS14: 244247.72 | CT14: =IFERROR(CS14/CO14-1,"") -> -0.009549331 | CU14: 228 | CV14: =IFERROR(CU14/CQ14-1,"") -> 0.04587156 | CW14: 241094.69 | CX14: =IFERROR(CW14/CS14-1,"") -> -0.012909145 | CY14: 222 | CZ14: =IFERROR(CY14/CU14-1,"") -> -0.026315789 | DA14: 239832.22 | DB14: =IFERROR(DA14/CW14-1,"") -> -0.0052364464 | DC14: 218 | DD14: =IFERROR(DC14/CY14-1,"") -> -0.018018018 | DE14: 239149.99 | DF14: =IFERROR(DE14/DA14-1,"") -> -0.0028445916 | DG14: 179 | DH14: =IFERROR(DG14/DC14-1,"") -> -0.17889908 | DI14: 240007.89 | DJ14: =IFERROR(DI14/DE14-1,"") -> 0.0035872905 | DK14: 159 | DL14: =IFERROR(DK14/DG14-1,"") -> -0.11173184 | DM14: 238780.49 | DN14: =IFERROR(DM14/DI14-1,"") -> -0.0051140051 | DO14: 170 | DP14: =IFERROR(DO14/DK14-1,"") -> 0.06918239 | DQ14: 238550.94 | DR14: =IFERROR(DQ14/DM14-1,"") -> -0.00096135681 | DS14: 188 | DT14: =IFERROR(DS14/DO14-1,"") -> 0.10588235 | DU14: 238873.49 | DV14: =IFERROR(DU14/DQ14-1,"") -> 0.0013521249 | DW14: 177 | DX14: =IFERROR(DW14/DS14-1,"") -> -0.058510638 | DY14: 237488.35 | DZ14: =IFERROR(DY14/DU14-1,"") -> -0.0057986039 | EA14: 157 | EB14: =IFERROR(EA14/DW14-1,"") -> -0.11299435 | EC14: 239267.97 | ED14: =IFERROR(EC14/DY14-1,"") -> 0.0074934678 | EE14: =IFERROR(VLOOKUP($A14,[1]Москва_продажа_районы!$C$2:$F$148,2,0),"") -> 159 | EF14: 0.012738854 | EG14: 241140.67 | EH14: =IFERROR(EG14/EC14-1,"") -> 0.0078268059 | EI14: =IFERROR(VLOOKUP($A14,[2]Москва_продажа_районы!$C$2:$F$150,2,0),"") -> 152 | EJ14: -0.044025157 | EK14: 244354.19 | EL14: =IFERROR(EK14/EG14-1,"") -> 0.013326323 | EM14: 142 | EN14: =IFERROR(EM14/EI14-1,"") -> -0.065789474 | EO14: 251256.25 | EP14: =IFERROR(EO14/EK14-1,"") -> 0.028246141 | EQ14: 136 | ER14: =IFERROR(EQ14/EM14-1,"") -> -0.042253521 | ES14: 252822.21 | ET14: =IFERROR(ES14/EO14-1,"") -> 0.0062325155 | EU14: 139 | EV14: =IFERROR(EU14/EQ14-1,"") -> 0.022058824 | EW14: 257471.11 | EX14: =IFERROR(EW14/ES14-1,"") -> 0.018388025 | EY14: 148 | EZ14: =IFERROR(EY14/EU14-1,"") -> 0.064748201 | FA14: 259845.84 | FB14: =IFERROR(FA14/EW14-1,"") -> 0.0092232836 | FC14: 126 | FD14: =IFERROR(FC14/EY14-1,"") -> -0.14864865 | FE14: 261320.67 | FF14: =IFERROR(FE14/FA14-1,"") -> 0.0056757729 | FG14: 118 | FH14: =IFERROR(FG14/FC14-1,"") -> -0.063492063 | FI14: 261208.45 | FJ14: =IFERROR(FI14/FE14-1,"") -> -0.00042940482 | FK14: 142 | FL14: =IFERROR(FK14/FG14-1,"") -> 0.20338983 | FM14: 257798.12 | FN14: =IFERROR(FM14/FI14-1,"") -> -0.013055999 | FO14: 155 | FP14: =IFERROR(FO14/FK14-1,"") -> 0.091549296 | FQ14: 258790.6 | FR14: =IFERROR(FQ14/FM14-1,"") -> 0.0038498366 | FS14: 163 | FT14: =IFERROR(FS14/FO14-1,"") -> 0.051612903 | FU14: 261392.99 | FV14: =IFERROR(FU14/FQ14-1,"") -> 0.010055963 | FW14: 151 | FX14: =IFERROR(FW14/FS14-1,"") -> -0.073619632 | FY14: 259000.96 | FZ14: =IFERROR(FY14/FU14-1,"") -> -0.0091510684 | GA14: 153 | GB14: =IFERROR(GA14/FW14-1,"") -> 0.013245033 | GC14: 258109.58 | GD14: =IFERROR(GC14/FY14-1,"") -> -0.0034416254 | GE14: 147 | GF14: =IFERROR(GE14/GA14-1,"") -> -0.039215686 | GG14: =IFERROR(VLOOKUP(A14,[3]Москва_продажа_районы!$C$2:$F$149,3,0),"") -> 257981.78 | GH14: -0.00049513346 | GI14: 163 | GJ14: =IFERROR(GI14/GE14-1,"") -> 0.10884354 | GK14: 257041.95 | GL14: =IFERROR(GK14/GG14-1,"") -> -0.0036429872 | GM14: 174 | GN14: =IFERROR(GM14/GI14-1,"") -> 0.067484663 | GO14: 260302.19 | GP14: =IFERROR(GO14/GK14-1,"") -> 0.012683679 | GQ14: 163.71 | GR14: =IFERROR(GQ14/GM14-1,"") -> -0.059137931 | GS14: 258235.68 | GT14: =GS14/GO14-1 -> -0.0079389034 | GU14: 152 | GV14: =GU14/GQ14-1 -> -0.071528923 | GW14: 260562.98 | GX14: =GW14/GS14-1 -> 0.0090123323 | GY14: 139 | GZ14: =GY14/GU14-1 -> -0.085526316 | HA14: 259850.62 | HB14: -0.0027339306 | HC14: 118 | HD14: -0.15107914 | HE14: 258796.63 | HF14: -0.0040561549 | HG14: 129 | HH14: 0.093220339 | HI14: =VLOOKUP(A14,[4]Москва_продажа_районы!$C$4:$F$151,3,0) -> 260753.7 | HJ14: =HI14/HE14-1 -> 0.0075622235 | HK14: =VLOOKUP(A14,[4]Москва_продажа_районы!$C$4:$F$151,2,0) -> 127 | HL14: =HK14/HG14-1 -> -0.015503876 | HM14: =VLOOKUP(A14,Лист3!$C$4:$F$149,3,0) -> 266195.78 | HN14: =HM14/HI14-1 -> 0.020870563 | HO14: =VLOOKUP(A14,Лист3!$C$4:$F$149,2,0) -> 112 | HP14: =HO14/HK14-1 -> -0.11811024 | HQ14: 267658.54 | HR14: 0.0054950349 | HS14: 108 | HT14: -0.035714286 | HU14: 271599.99 | HV14: 0.014725664 | HW14: 105 | HX14: -0.027777778 | HY14: 269696.23 | HZ14: -0.0070094136 | IA14: 132 | IB14: 0.25714286 | IC14: 273286.22 | ID14: 0.01331124 | IE14: 133 | IF14: 0.0075757576
A15: Перово | B15: 181389.52 | C15: 407 | D15: 184600.68 | E15: 411 | F15: 191147.59 | G15: 271 | H15: 186587.8 | I15: 262 | J15: 188461.35 | K15: 343 | L15: 190424.55 | M15: 362 | N15: 194553.03 | O15: 377 | P15: 198178.33 | Q15: 406 | R15: 201338.73 | S15: 380 | T15: 205880.62 | U15: 358 | V15: 211253.15 | W15: 328 | X15: 216069.16 | Y15: 296 | Z15: 219191.06 | AA15: 322 | AB15: 224175.19 | AC15: 342 | AD15: 228907.34 | AE15: 335 | AF15: =AD15/X15-1 -> 0.059416967 | AG15: =AE15/$AJ$1 -> 0.092618192 | AH15: =#REF!*AG15 -> #REF! | AI15: =AE15+AH15 -> #REF! | AL15: 228667.74 | AR15: 340 | AS15: 362 | AT15: 220338 | AU15: =AT15/AL15-1 -> -0.036427261 | AV15: 351 | AW15: 228824.52 | AX15: 367 | AY15: 239029.73 | AZ15: 389 | BA15: 241467.14 | BB15: 428 | BC15: =BA15/AY15-1 -> 0.010197131 | BD15: 481 | BE15: 241641.22 | BF15: =BE15/BA15-1 -> 0.00072090039 | BG15: 486 | BH15: 241600 | BI15: =BH15/BE15-1 -> -0.00017057029 | BJ15: 418 | BK15: 261482.97 | BL15: =BK15/BH15-1 -> 0.08229706 | BM15: 263449.28 | BN15: =BM15/BK15-1 -> 0.0075198316 | BO15: 360 | BP15: =BO15/BJ15-1 -> -0.13875598 | BQ15: 267043.51 | BR15: =IFERROR(BQ15/BM15-1,"") -> 0.013642959 | BS15: 362 | BT15: =IFERROR(BS15/BO15-1,"") -> 0.0055555556 | BU15: 276565.77 | BV15: =BU15/BQ15-1 -> 0.035658114 | BW15: 380 | BX15: =BW15/BS15-1 -> 0.049723757 | BY15: 273059.05 | BZ15: =BY15/BU15-1 -> -0.012679533 | CA15: 385 | CB15: =CA15/BW15-1 -> 0.013157895 | CC15: 265695.33 | CD15: =CC15/BY15-1 -> -0.026967512 | CE15: 399 | CF15: =CE15/CA15-1 -> 0.036363636 | CG15: 260270.45 | CH15: =CG15/CC15-1 -> -0.020417669 | CI15: 463 | CJ15: =CI15/CE15-1 -> 0.160401 | CK15: 259544.54 | CL15: =CK15/CG15-1 -> -0.0027890608 | CM15: 445 | CN15: =CM15/CI15-1 -> -0.03887689 | CO15: 258210.25 | CP15: -0.0051408916 | CQ15: 471 | CR15: 0.058426966 | CS15: 258754.96 | CT15: =IFERROR(CS15/CO15-1,"") -> 0.0021095811 | CU15: 523 | CV15: =IFERROR(CU15/CQ15-1,"") -> 0.1104034 | CW15: 253965.95 | CX15: =IFERROR(CW15/CS15-1,"") -> -0.018507892 | CY15: 544 | CZ15: =IFERROR(CY15/CU15-1,"") -> 0.040152964 | DA15: 248866.57 | DB15: =IFERROR(DA15/CW15-1,"") -> -0.020079015 | DC15: 497 | DD15: =IFERROR(DC15/CY15-1,"") -> -0.086397059 | DE15: 247941.61 | DF15: =IFERROR(DE15/DA15-1,"") -> -0.0037166713 | DG15: 481 | DH15: =IFERROR(DG15/DC15-1,"") -> -0.032193159 | DI15: 251280.26 | DJ15: =IFERROR(DI15/DE15-1,"") -> 0.013465452 | DK15: 466 | DL15: =IFERROR(DK15/DG15-1,"") -> -0.031185031 | DM15: 255087.73 | DN15: =IFERROR(DM15/DI15-1,"") -> 0.015152298 | DO15: 494 | DP15: =IFERROR(DO15/DK15-1,"") -> 0.060085837 | DQ15: 253237.57 | DR15: =IFERROR(DQ15/DM15-1,"") -> -0.0072530193 | DS15: 506 | DT15: =IFERROR(DS15/DO15-1,"") -> 0.024291498 | DU15: 256462.97 | DV15: =IFERROR(DU15/DQ15-1,"") -> 0.012736632 | DW15: 443 | DX15: =IFERROR(DW15/DS15-1,"") -> -0.12450593 | DY15: 254528.14 | DZ15: =IFERROR(DY15/DU15-1,"") -> -0.0075442885 | EA15: 376 | EB15: =IFERROR(EA15/DW15-1,"") -> -0.15124153 | EC15: 255863.23 | ED15: =IFERROR(EC15/DY15-1,"") -> 0.005245373 | EE15: =IFERROR(VLOOKUP($A15,[1]Москва_продажа_районы!$C$2:$F$148,2,0),"") -> 348 | EF15: -0.074468085 | EG15: 258953.63 | EH15: =IFERROR(EG15/EC15-1,"") -> 0.012078339 | EI15: =IFERROR(VLOOKUP($A15,[2]Москва_продажа_районы!$C$2:$F$150,2,0),"") -> 337 | EJ15: -0.031609195 | EK15: 262041.79 | EL15: =IFERROR(EK15/EG15-1,"") -> 0.011925532 | EM15: 311 | EN15: =IFERROR(EM15/EI15-1,"") -> -0.077151335 | EO15: 266685.02 | EP15: =IFERROR(EO15/EK15-1,"") -> 0.017719393 | EQ15: 293 | ER15: =IFERROR(EQ15/EM15-1,"") -> -0.057877814 | ES15: 270723.7 | ET15: =IFERROR(ES15/EO15-1,"") -> 0.015144005 | EU15: 305 | EV15: =IFERROR(EU15/EQ15-1,"") -> 0.040955631 | EW15: 274029.68 | EX15: =IFERROR(EW15/ES15-1,"") -> 0.012211643 | EY15: 315 | EZ15: =IFERROR(EY15/EU15-1,"") -> 0.032786885 | FA15: 276703.06 | FB15: =IFERROR(FA15/EW15-1,"") -> 0.0097558321 | FC15: 286 | FD15: =IFERROR(FC15/EY15-1,"") -> -0.092063492 | FE15: 281023.83 | FF15: =IFERROR(FE15/FA15-1,"") -> 0.015615169 | FG15: 289 | FH15: =IFERROR(FG15/FC15-1,"") -> 0.01048951 | FI15: 280777.38 | FJ15: =IFERROR(FI15/FE15-1,"") -> -0.00087698021 | FK15: 333 | FL15: =IFERROR(FK15/FG15-1,"") -> 0.15224913 | FM15: 280979.28 | FN15: =IFERROR(FM15/FI15-1,"") -> 0.00071910308 | FO15: 380 | FP15: =IFERROR(FO15/FK15-1,"") -> 0.14114114 | FQ15: 279749.55 | FR15: =IFERROR(FQ15/FM15-1,"") -> -0.004376597 | FS15: 395 | FT15: =IFERROR(FS15/FO15-1,"") -> 0.039473684 | FU15: 281029.3 | FV15: =IFERROR(FU15/FQ15-1,"") -> 0.0045746229 | FW15: 436 | FX15: =IFERROR(FW15/FS15-1,"") -> 0.10379747 | FY15: 280662.47 | FZ15: =IFERROR(FY15/FU15-1,"") -> -0.0013053068 | GA15: 426 | GB15: =IFERROR(GA15/FW15-1,"") -> -0.02293578 | GC15: 279187.11 | GD15: =IFERROR(GC15/FY15-1,"") -> -0.0052567172 | GE15: 416 | GF15: =IFERROR(GE15/GA15-1,"") -> -0.023474178 | GG15: =IFERROR(VLOOKUP(A15,[3]Москва_продажа_районы!$C$2:$F$149,3,0),"") -> 278479.46 | GH15: -0.0025346541 | GI15: 426 | GJ15: =IFERROR(GI15/GE15-1,"") -> 0.024038462 | GK15: 277897.7 | GL15: =IFERROR(GK15/GG15-1,"") -> -0.0020890902 | GM15: 438 | GN15: =IFERROR(GM15/GI15-1,"") -> 0.028169014 | GO15: 282120.88 | GP15: =IFERROR(GO15/GK15-1,"") -> 0.015196898 | GQ15: 486.85 | GR15: =IFERROR(GQ15/GM15-1,"") -> 0.11152968 | GS15: 283007.19 | GT15: =GS15/GO15-1 -> 0.003141592 | GU15: 479 | GV15: =GU15/GQ15-1 -> -0.016124063 | GW15: 281607.98 | GX15: =GW15/GS15-1 -> -0.0049440551 | GY15: 396 | GZ15: =GY15/GU15-1 -> -0.17327766 | HA15: 284500.79 | HB15: 0.01027247 | HC15: 357 | HD15: -0.098484848 | HE15: 287964.59 | HF15: 0.012174985 | HG15: 392 | HH15: 0.098039216 | HI15: =VLOOKUP(A15,[4]Москва_продажа_районы!$C$4:$F$151,3,0) -> 294642.45 | HJ15: =HI15/HE15-1 -> 0.023189886 | HK15: =VLOOKUP(A15,[4]Москва_продажа_районы!$C$4:$F$151,2,0) -> 404 | HL15: =HK15/HG15-1 -> 0.030612245 | HM15: =VLOOKUP(A15,Лист3!$C$4:$F$149,3,0) -> 292300.3 | HN15: =HM15/HI15-1 -> -0.007949125 | HO15: =VLOOKUP(A15,Лист3!$C$4:$F$149,2,0) -> 382 | HP15: =HO15/HK15-1 -> -0.054455446 | HQ15: 293542.08 | HR15: 0.0042482898 | HS15: 382 | HT15: 0 | HU15: 294824.01 | HV15: 0.0043671258 | HW15: 378 | HX15: -0.010471204 | HY15: 295240.13 | HZ15: 0.0014113887 | IA15: 389 | IB15: 0.029100529 | IC15: 294563.54 | ID15: -0.0022916301 | IE15: 371 | IF15: -0.046272494
... A19: Сокольники | B19: 254802.65 | C19: 298 | D19: 258483.97 | E19: 330 | F19: 265314.77 | G19: 242 | H19: 261814.26 | I19: 257 | J19: 263930.07 | K19: 308 | L19: 263121.42 | M19: 314 | N19: 263638.52 | O19: 319 | P19: 268385.34 | Q19: 337 | R19: 268668.69 | S19: 325 | T19: 274454.78 | U19: 308 | V19: 276349.77 | W19: 293 | X19: 277299.05 | Y19: 250 | Z19: 283947.75 | AA19: 270 | AB19: 283130.06 | AC19: 290 | AD19: 290403.59 | AE19: 280 | AF19: =AD19/X19-1 -> 0.047257779 | AG19: =AE19/$AJ$1 -> 0.07741222 | AH19: =#REF!*AG19 -> #REF! | AI19: =AE19+AH19 -> #REF! | AL19: 293050.64 | AR19: 266 | AS19: 266 | AT19: 286356 | AU19: =AT19/AL19-1 -> -0.022844655 | AV19: 194 | AW19: 286838.77 | AX19: 214 | AY19: 285768.89 | AZ19: 188 | BA19: 286146.57 | BB19: 192 | BC19: =BA19/AY19-1 -> 0.0013216232 | BD19: 210 | BE19: 327808.77 | BF19: =BE19/BA19-1 -> 0.14559741 | BG19: 201 | BH19: 332820.25 | BI19: =BH19/BE19-1 -> 0.015287819 | BJ19: 219 | BK19: 329554.37 | BL19: =BK19/BH19-1 -> -0.0098127407 | BM19: 333146 | BN19: =BM19/BK19-1 -> 0.010898451 | BO19: 217 | BP19: =BO19/BJ19-1 -> -0.0091324201 | BQ19: 338519.58 | BR19: =IFERROR(BQ19/BM19-1,"") -> 0.016129797 | BS19: 243 | BT19: =IFERROR(BS19/BO19-1,"") -> 0.11981567 | BU19: 345820.87 | BV19: =BU19/BQ19-1 -> 0.021568302 | BW19: 225 | BX19: =BW19/BS19-1 -> -0.074074074 | BY19: 339120.27 | BZ19: =BY19/BU19-1 -> -0.019375933 | CA19: 168 | CB19: =CA19/BW19-1 -> -0.25333333 | CC19: 343179.44 | CD19: =CC19/BY19-1 -> 0.011969698 | CE19: 181 | CF19: =CE19/CA19-1 -> 0.077380952 | CG19: 355930.14 | CH19: =CG19/CC19-1 -> 0.037154624 | CI19: 218 | CJ19: =CI19/CE19-1 -> 0.20441989 | CK19: 354842.36 | CL19: =CK19/CG19-1 -> -0.0030561615 | CM19: 224 | CN19: =CM19/CI19-1 -> 0.027522936 | CO19: 343764.81 | CP19: -0.031218246 | CQ19: 233 | CR19: 0.040178571 | CS19: 340025.27 | CT19: =IFERROR(CS19/CO19-1,"") -> -0.010878171 | CU19: 259 | CV19: =IFERROR(CU19/CQ19-1,"") -> 0.11158798 | CW19: 329110.93 | CX19: =IFERROR(CW19/CS19-1,"") -> -0.032098632 | CY19: 292 | CZ19: =IFERROR(CY19/CU19-1,"") -> 0.12741313 | DA19: 323324.5 | DB19: =IFERROR(DA19/CW19-1,"") -> -0.017581987 | DC19: 287 | DD19: =IFERROR(DC19/CY19-1,"") -> -0.017123288 | DE19: 321279.38 | DF19: =IFERROR(DE19/DA19-1,"") -> -0.006325294 | DG19: 285 | DH19: =IFERROR(DG19/DC19-1,"") -> -0.0069686411 | DI19: 318723.42 | DJ19: =IFERROR(DI19/DE19-1,"") -> -0.0079555573 | DK19: 264 | DL19: =IFERROR(DK19/DG19-1,"") -> -0.073684211 | DM19: 322126.43 | DN19: =IFERROR(DM19/DI19-1,"") -> 0.010676995 | DO19: 278 | DP19: =IFERROR(DO19/DK19-1,"") -> 0.053030303 | DQ19: 322136.73 | DR19: =IFERROR(DQ19/DM19-1,"") -> 3.1968071e-05 | DS19: 295 | DT19: =IFERROR(DS19/DO19-1,"") -> 0.061151079 | DU19: 319767.82 | DV19: =IFERROR(DU19/DQ19-1,"") -> -0.0073537308 | DW19: 287 | DX19: =IFERROR(DW19/DS19-1,"") -> -0.027118644 | DY19: 327117.51 | DZ19: =IFERROR(DY19/DU19-1,"") -> 0.022984443 | EA19: 287 | EB19: =IFERROR(EA19/DW19-1,"") -> 0 | EC19: 329083.21 | ED19: =IFERROR(EC19/DY19-1,"") -> 0.0060091605 | EE19: =IFERROR(VLOOKUP($A19,[1]Москва_продажа_районы!$C$2:$F$148,2,0),"") -> 276 | EF19: -0.038327526 | EG19: 329596.05 | EH19: =IFERROR(EG19/EC19-1,"") -> 0.001558394 | EI19: =IFERROR(VLOOKUP($A19,[2]Москва_продажа_районы!$C$2:$F$150,2,0),"") -> 263 | EJ19: -0.047101449 | EK19: 337876.34 | EL19: =IFERROR(EK19/EG19-1,"") -> 0.025122531 | EM19: 247 | EN19: =IFERROR(EM19/EI19-1,"") -> -0.060836502 | EO19: 351892.26 | EP19: =IFERROR(EO19/EK19-1,"") -> 0.041482401 | EQ19: 250 | ER19: =IFERROR(EQ19/EM19-1,"") -> 0.012145749 | ES19: 357226.57 | ET19: =IFERROR(ES19/EO19-1,"") -> 0.015158927 | EU19: 250 | EV19: =IFERROR(EU19/EQ19-1,"") -> 0 | EW19: 359146.33 | EX19: =IFERROR(EW19/ES19-1,"") -> 0.0053740688 | EY19: 251 | EZ19: =IFERROR(EY19/EU19-1,"") -> 0.004 | FA19: 363016.53 | FB19: =IFERROR(FA19/EW19-1,"") -> 0.010776121 | FC19: 225 | FD19: =IFERROR(FC19/EY19-1,"") -> -0.10358566 | FE19: 380788.24 | FF19: =IFERROR(FE19/FA19-1,"") -> 0.048955649 | FG19: 233 | FH19: =IFERROR(FG19/FC19-1,"") -> 0.035555556 | FI19: 379998.01 | FJ19: =IFERROR(FI19/FE19-1,"") -> -0.0020752617 | FK19: 246 | FL19: =IFERROR(FK19/FG19-1,"") -> 0.055793991 | FM19: 385307.6 | FN19: =IFERROR(FM19/FI19-1,"") -> 0.013972669 | FO19: 230 | FP19: =IFERROR(FO19/FK19-1,"") -> -0.06504065 | FQ19: 393334.67 | FR19: =IFERROR(FQ19/FM19-1,"") -> 0.020832904 | FS19: 226 | FT19: =IFERROR(FS19/FO19-1,"") -> -0.017391304 | FU19: 402022.32 | FV19: =IFERROR(FU19/FQ19-1,"") -> 0.022087171 | FW19: 226 | FX19: =IFERROR(FW19/FS19-1,"") -> 0 | FY19: 378359.07 | FZ19: =IFERROR(FY19/FU19-1,"") -> -0.058860541 | GA19: 206 | GB19: =IFERROR(GA19/FW19-1,"") -> -0.088495575 | GC19: 379785.83 | GD19: =IFERROR(GC19/FY19-1,"") -> 0.003770917 | GE19: 207 | GF19: =IFERROR(GE19/GA19-1,"") -> 0.0048543689 | GG19: =IFERROR(VLOOKUP(A19,[3]Москва_продажа_районы!$C$2:$F$149,3,0),"") -> 383449.15 | GH19: 0.0096457419 | GI19: 234 | GJ19: =IFERROR(GI19/GE19-1,"") -> 0.13043478 | GK19: 387220.03 | GL19: =IFERROR(GK19/GG19-1,"") -> 0.0098341009 | GM19: 251 | GN19: =IFERROR(GM19/GI19-1,"") -> 0.072649573 | GO19: 388156.34 | GP19: =IFERROR(GO19/GK19-1,"") -> 0.0024180557 | GQ19: 247.17 | GR19: =IFERROR(GQ19/GM19-1,"") -> -0.015258964 | GS19: 387001.97 | GT19: =GS19/GO19-1 -> -0.0029739948 | GU19: 253 | GV19: =GU19/GQ19-1 -> 0.023587005 | GW19: 382554.68 | GX19: =GW19/GS19-1 -> -0.011491638 | GY19: 235 | GZ19: =GY19/GU19-1 -> -0.071146245 | HA19: 389261.19 | HB19: 0.017530849 | HC19: 210 | HD19: -0.10638298 | HE19: 390178.08 | HF19: 0.0023554701 | HG19: 221 | HH19: 0.052380952 | HI19: =VLOOKUP(A19,[4]Москва_продажа_районы!$C$4:$F$151,3,0) -> 388017.3 | HJ19: =HI19/HE19-1 -> -0.0055379478 | HK19: =VLOOKUP(A19,[4]Москва_продажа_районы!$C$4:$F$151,2,0) -> 216 | HL19: =HK19/HG19-1 -> -0.022624434 | HM19: =VLOOKUP(A19,Лист3!$C$4:$F$149,3,0) -> 394922.42 | HN19: =HM19/HI19-1 -> 0.0177959 | HO19: =VLOOKUP(A19,Лист3!$C$4:$F$149,2,0) -> 207 | HP19: =HO19/HK19-1 -> -0.041666667 | HQ19: 410744.86 | HR19: 0.0400647 | HS19: 235 | HT19: 0.1352657 | HU19: 409807.62 | HV19: -0.0022818128 | HW19: 233 | HX19: -0.0085106383 | HY19: 416911.02 | HZ19: 0.017333485 | IA19: 239 | IB19: 0.025751073 | IC19: 407675.86 | ID19: -0.022151394 | IE19: 187 | IF19: -0.21757322
A20: ЗАПАДНЫЙ АО | AK20: =AK21-AJ21 -> 300 | BR20: =IFERROR(BQ20/BM20-1,"") | BT20: =IFERROR(BS20/BO20-1,"") | CT20: =IFERROR(CS20/CO20-1,"") | CV20: =IFERROR(CU20/CQ20-1,"") | CX20: =IFERROR(CW20/CS20-1,"") | CZ20: =IFERROR(CY20/CU20-1,"") | DB20: =IFERROR(DA20/CW20-1,"") | DD20: =IFERROR(DC20/CY20-1,"") | DF20: =IFERROR(DE20/DA20-1,"") | DH20: =IFERROR(DG20/DC20-1,"") | DJ20: =IFERROR(DI20/DE20-1,"") | DL20: =IFERROR(DK20/DG20-1,"") | DN20: =IFERROR(DM20/DI20-1,"") | DP20: =IFERROR(DO20/DK20-1,"") | DR20: =IFERROR(DQ20/DM20-1,"") | DT20: =IFERROR(DS20/DO20-1,"") | DV20: =IFERROR(DU20/DQ20-1,"") | DX20: =IFERROR(DW20/DS20-1,"") | DZ20: =IFERROR(DY20/DU20-1,"") | EB20: =IFERROR(EA20/DW20-1,"") | ED20: =IFERROR(EC20/DY20-1,"") | EE20: =IFERROR(VLOOKUP($A20,[1]Москва_продажа_районы!$C$2:$F$148,2,0),"") | EH20: =IFERROR(EG20/EC20-1,"") | EI20: =IFERROR(VLOOKUP($A20,[2]Москва_продажа_районы!$C$2:$F$150,2,0),"") | EL20: =IFERROR(EK20/EG20-1,"") | EN20: =IFERROR(EM20/EI20-1,"") | EP20: =IFERROR(EO20/EK20-1,"") | ER20: =IFERROR(EQ20/EM20-1,"") | ET20: =IFERROR(ES20/EO20-1,"") | EV20: =IFERROR(EU20/EQ20-1,"") | EX20: =IFERROR(EW20/ES20-1,"") | EZ20: =IFERROR(EY20/EU20-1,"") | FB20: =IFERROR(FA20/EW20-1,"") | FD20: =IFERROR(FC20/EY20-1,"") | FF20: =IFERROR(FE20/FA20-1,"") | FH20: =IFERROR(FG20/FC20-1,"") | FJ20: =IFERROR(FI20/FE20-1,"") | FL20: =IFERROR(FK20/FG20-1,"") | FN20: =IFERROR(FM20/FI20-1,"") | FP20: =IFERROR(FO20/FK20-1,"") | FR20: =IFERROR(FQ20/FM20-1,"") | FT20: =IFERROR(FS20/FO20-1,"") | FV20: =IFERROR(FU20/FQ20-1,"") | FX20: =IFERROR(FW20/FS20-1,"") | FZ20: =IFERROR(FY20/FU20-1,"") | GB20: =IFERROR(GA20/FW20-1,"") | GD20: =IFERROR(GC20/FY20-1,"") | GF20: =IFERROR(GE20/GA20-1,"") | GG20: =IFERROR(VLOOKUP(A20,[3]Москва_продажа_районы!$C$2:$F$149,3,0),"") | GJ20: =IFERROR(GI20/GE20-1,"") | GL20: =IFERROR(GK20/GG20-1,"") | GN20: =IFERROR(GM20/GI20-1,"") | GP20: =IFERROR(GO20/GK20-1,"") | GR20: =IFERROR(GQ20/GM20-1,"") | HE20: #N/A | HF20: #N/A | HG20: #N/A | HH20: #N/A | HI20: =VLOOKUP(A20,[4]Москва_продажа_районы!$C$4:$F$151,3,0) -> #N/A | HJ20: =HI20/HE20-1 -> #N/A | HK20: =VLOOKUP(A20,[4]Москва_продажа_районы!$C$4:$F$151,2,0) -> #N/A | HL20: =HK20/HG20-1 -> #N/A | HM20: =VLOOKUP(A20,Лист3!$C$4:$F$149,3,0) -> #N/A | HN20: =HM20/HI20-1 -> #N/A | HO20: =VLOOKUP(A20,Лист3!$C$4:$F$149,2,0) -> #N/A | HP20: =HO20/HK20-1 -> #N/A | HQ20: #N/A | HR20: #N/A | HS20: #N/A | HT20: #N/A | HU20: #N/A | HV20: #N/A | HW20: #N/A | HX20: #N/A | HY20: #N/A | HZ20: #N/A | IA20: #N/A | IB20: #N/A | IC20: #N/A | ID20: #N/A | IE20: #N/A | IF20: #N/A
A21: Внуково | B21: 131591.42 | C21: 55 | D21: 129503.45 | E21: 49 | F21: 137171.28 | G21: 38 | H21: 137624.41 | I21: 44 | J21: 135854.08 | K21: 56 | L21: 139113.21 | M21: 56 | N21: 139841.29 | O21: 50 | P21: 144163.14 | Q21: 40 | R21: 139269.28 | S21: 31 | T21: 145713.72 | U21: 36 | X21: 162871.21 | Y21: 48 | Z21: 166060.74 | AA21: 44 | AB21: 168545.29 | AC21: 54 | AD21: 174385.91 | AE21: 38 | AF21: =AD21/X21-1 -> 0.070698206 | AG21: =AE21/$AJ$21 -> 0.0084726867 | AH21: =$AK$20*AG21 -> 2.541806 | AI21: =AH21+AE21 -> 40.541806 | AJ21: =SUM(AE21:AE33) -> 4485 | AK21: 4785 | AL21: 176531.9 | AM21: 32 | AN21: =AM21/SUM($AM$21:$AM$33) -> 0.0071604386 | AO21: 4742 | AP21: =AO21-SUM(AM21:AM33) -> 273 | AQ21: =$AP$21*AN21 -> 1.9547997 | AR21: =AM21+AQ21 -> 33.9548 | AS21: 32 | AT21: 175251.96 | AU21: =AT21/AL21-1 -> -0.0072505163 | AV21: 34 | AW21: 185769.19 | AX21: 35 | AY21: 194621.19 | AZ21: 42 | BA21: 195028.15 | BB21: 46 | BC21: =BA21/AY21-1 -> 0.0020910342 | BD21: 53 | BE21: 205966.18 | BF21: =BE21/BA21-1 -> 0.05608438 | BG21: 48 | BH21: 202983.97 | BI21: =BH21/BE21-1 -> -0.014479101 | BJ21: 44 | BK21: 211155.4 | BL21: =BK21/BH21-1 -> 0.040256513 | BM21: 208538.79 | BN21: =BM21/BK21-1 -> -0.012391869 | BO21: 36 | BP21: =BO21/BJ21-1 -> -0.18181818 | BQ21: 219608.53 | BR21: =IFERROR(BQ21/BM21-1,"") -> 0.053082397 | BS21: 38 | BT21: =IFERROR(BS21/BO21-1,"") -> 0.055555556 | BU21: 215724.94 | BV21: =BU21/BQ21-1 -> -0.017684173 | BW21: 43 | BX21: =BW21/BS21-1 -> 0.13157895 | BY21: 214766.86 | BZ21: =BY21/BU21-1 -> -0.0044411828 | CA21: 49 | CB21: =CA21/BW21-1 -> 0.13953488 | CC21: 217234.56 | CD21: =CC21/BY21-1 -> 0.011490141 | CE21: 43 | CF21: =CE21/CA21-1 -> -0.12244898 | CG21: 209886.52 | CH21: =CG21/CC21-1 -> -0.033825396 | CI21: 58 | CJ21: =CI21/CE21-1 -> 0.34883721 | CK21: 207325.79 | CL21: =CK21/CG21-1 -> -0.012200539 | CM21: 77 | CN21: =CM21/CI21-1 -> 0.32758621 | CO21: 204738.16 | CP21: -0.012480969 | CQ21: 70 | CR21: -0.090909091 | CS21: 205060.74 | CT21: =IFERROR(CS21/CO21-1,"") -> 0.001575551 | CU21: 74 | CV21: =IFERROR(CU21/CQ21-1,"") -> 0.057142857 | CW21: 216674.7 | CX21: =IFERROR(CW21/CS21-1,"") -> 0.056636714 | CY21: 71 | CZ21: =IFERROR(CY21/CU21-1,"") -> -0.040540541 | DA21: 210330.34 | DB21: =IFERROR(DA21/CW21-1,"") -> -0.029280576 | DC21: 59 | DD21: =IFERROR(DC21/CY21-1,"") -> -0.16901408 | DE21: 215196.92 | DF21: =IFERROR(DE21/DA21-1,"") -> 0.023137767 | DG21: 60 | DH21: =IFERROR(DG21/DC21-1,"") -> 0.016949153 | DI21: 213034.52 | DJ21: =IFERROR(DI21/DE21-1,"") -> -0.010048485 | DK21: 46 | DL21: =IFERROR(DK21/DG21-1,"") -> -0.23333333 | DM21: 203519.17 | DN21: =IFERROR(DM21/DI21-1,"") -> -0.044665732 | DO21: 57 | DP21: =IFERROR(DO21/DK21-1,"") -> 0.23913043 | DQ21: 203592.29 | DR21: =IFERROR(DQ21/DM21-1,"") -> 0.0003592518 | DS21: 61 | DT21: =IFERROR(DS21/DO21-1,"") -> 0.070175439 | DU21: 207333.56 | DV21: =IFERROR(DU21/DQ21-1,"") -> 0.018376317 | DW21: 55 | DX21: =IFERROR(DW21/DS21-1,"") -> -0.098360656 | DY21: 200201.18 | DZ21: =IFERROR(DY21/DU21-1,"") -> -0.034400546 | EA21: 51 | EB21: =IFERROR(EA21/DW21-1,"") -> -0.072727273 | EC21: 204107.62 | ED21: =IFERROR(EC21/DY21-1,"") -> 0.019512592 | EE21: =IFERROR(VLOOKUP($A21,[1]Москва_продажа_районы!$C$2:$F$148,2,0),"") -> 53 | EF21: 0.039215686 | EG21: 210976.77 | EH21: =IFERROR(EG21/EC21-1,"") -> 0.033654556 | EI21: =IFERROR(VLOOKUP($A21,[2]Москва_продажа_районы!$C$2:$F$150,2,0),"") -> 43 | EJ21: -0.18867925 | EK21: 287934.34 | EL21: =IFERROR(EK21/EG21-1,"") -> 0.36476799 | EM21: 55 | EN21: =IFERROR(EM21/EI21-1,"") -> 0.27906977 | EO21: 293562.78 | EP21: =IFERROR(EO21/EK21-1,"") -> 0.019547639 | EQ21: 49 | ER21: =IFERROR(EQ21/EM21-1,"") -> -0.10909091 | ES21: 218377.93 | ET21: =IFERROR(ES21/EO21-1,"") -> -0.25611165 | EU21: 49 | EV21: =IFERROR(EU21/EQ21-1,"") -> 0 | EW21: 216028.95 | EX21: =IFERROR(EW21/ES21-1,"") -> -0.01075651 | EY21: 47 | EZ21: =IFERROR(EY21/EU21-1,"") -> -0.040816327 | FA21: 222359.29 | FB21: =IFERROR(FA21/EW21-1,"") -> 0.029303237 | FC21: 37 | FD21: =IFERROR(FC21/EY21-1,"") -> -0.21276596 | FE21: 222011.75 | FF21: =IFERROR(FE21/FA21-1,"") -> -0.0015629657 | FG21: 43 | FH21: =IFERROR(FG21/FC21-1,"") -> 0.16216216 | FI21: 228417.02 | FJ21: =IFERROR(FI21/FE21-1,"") -> 0.028851028 | FK21: 50 | FL21: =IFERROR(FK21/FG21-1,"") -> 0.1627907 | FM21: 229613.84 | FN21: =IFERROR(FM21/FI21-1,"") -> 0.0052396315 | FO21: 59 | FP21: =IFERROR(FO21/FK21-1,"") -> 0.18 | FQ21: 230804.22 | FR21: =IFERROR(FQ21/FM21-1,"") -> 0.0051842612 | FS21: 71 | FT21: =IFERROR(FS21/FO21-1,"") -> 0.20338983 | FU21: 235272.15 | FV21: =IFERROR(FU21/FQ21-1,"") -> 0.01935809 | FW21: 67 | FX21: =IFERROR(FW21/FS21-1,"") -> -0.056338028 | FY21: 230786.14 | FZ21: =IFERROR(FY21/FU21-1,"") -> -0.019067301 | GA21: 59 | GB21: =IFERROR(GA21/FW21-1,"") -> -0.11940299 | GC21: 226470.63 | GD21: =IFERROR(GC21/FY21-1,"") -> -0.018699203 | GE21: 66 | GF21: =IFERROR(GE21/GA21-1,"") -> 0.11864407 | GG21: =IFERROR(VLOOKUP(A21,[3]Москва_продажа_районы!$C$2:$F$149,3,0),"") -> 224488.93 | GH21: -0.0087503361 | GI21: 76 | GJ21: =IFERROR(GI21/GE21-1,"") -> 0.15151515 | GK21: 222662.45 | GL21: =IFERROR(GK21/GG21-1,"") -> -0.0081361658 | GM21: 75 | GN21: =IFERROR(GM21/GI21-1,"") -> -0.013157895 | GO21: 222873.33 | GP21: =IFERROR(GO21/GK21-1,"") -> 0.00094704375 | GQ21: 80.25 | GR21: =IFERROR(GQ21/GM21-1,"") -> 0.07 | GS21: 216861.22 | GT21: =GS21/GO21-1 -> -0.02697545 | GU21: 81 | GV21: =GU21/GQ21-1 -> 0.0093457944 | GW21: 215715.92 | GX21: =GW21/GS21-1 -> -0.0052812471 | GY21: 83 | GZ21: =GY21/GU21-1 -> 0.024691358 | HA21: 215546.96 | HB21: -0.00078326843 | HC21: 77 | HD21: -0.072289157 | HE21: 215598.46 | HF21: 0.00023894606 | HG21: 77 | HH21: 0 | HI21: =VLOOKUP(A21,[4]Москва_продажа_районы!$C$4:$F$151,3,0) -> 211604.79 | HJ21: =HI21/HE21-1 -> -0.018523655 | HK21: =VLOOKUP(A21,[4]Москва_продажа_районы!$C$4:$F$151,2,0) -> 77 | HL21: =HK21/HG21-1 -> 0 | HM21: =VLOOKUP(A21,Лист3!$C$4:$F$149,3,0) -> 210813.91 | HN21: =HM21/HI21-1 -> -0.0037375103 | HO21: =VLOOKUP(A21,Лист3!$C$4:$F$149,2,0) -> 67 | HP21: =HO21/HK21-1 -> -0.12987013 | HQ21: 215261.44 | HR21: 0.021096916 | HS21: 73 | HT21: 0.089552239 | HU21: 216364.36 | HV21: 0.0051236639 | HW21: 63 | HX21: -0.1369863 | HY21: 215955.63 | HZ21: -0.0018890866 | IA21: 65 | IB21: 0.031746032 | IC21: 212699.95 | ID21: -0.015075686 | IE21: 79 | IF21: 0.21538462
A22: Дорогомилово | B22: 358360.52 | C22: 660 | D22: 373927.83 | E22: 643 | F22: 390273.94 | G22: 498 | H22: 379697.12 | I22: 508 | J22: 376296.99 | K22: 563 | L22: 375116.53 | M22: 535 | N22: 379273.65 | O22: 544 | P22: 392491.99 | Q22: 529 | R22: 403943.83 | S22: 498 | T22: 415532.21 | U22: 445 | V22: 399320.63 | W22: 414 | X22: 402240.28 | Y22: 400 | Z22: 405597.99 | AA22: 431 | AB22: 411083.96 | AC22: 443 | AD22: 412434.17 | AE22: 405 | AF22: =AD22/X22-1 -> 0.025342768 | AG22: =AE22/$AJ$21 -> 0.090301003 | AH22: =$AK$20*AG22 -> 27.090301 | AI22: =AH22+AE22 -> 432.0903 | AL22: 415024.49 | AM22: 408 | AN22: =AM22/SUM($AM$21:$AM$33) -> 0.091295592 | AQ22: =$AP$21*AN22 -> 24.923697 | AR22: =AM22+AQ22 -> 432.9237 | AS22: 409 | AT22: 416903.78 | AU22: =AT22/AL22-1 -> 0.0045281402 | AV22: 405 | AW22: 415925.12 | AX22: 423 | AY22: 449699.26 | AZ22: 380 | BA22: 450314.01 | BB22: 427 | BC22: =BA22/AY22-1 -> 0.0013670192 | BD22: 417 | BE22: 447601.34 | BF22: =BE22/BA22-1 -> -0.0060239649 | BG22: 402 | BH22: 456856.22 | BI22: =BH22/BE22-1 -> 0.020676616 | BJ22: 366 | BK22: 466931.88 | BL22: =BK22/BH22-1 -> 0.02205434 | BM22: 481533.99 | BN22: =BM22/BK22-1 -> 0.031272458 | BO22: 329 | BP22: =BO22/BJ22-1 -> -0.1010929 | BQ22: 487232.95 | BR22: =IFERROR(BQ22/BM22-1,"") -> 0.011835009 | BS22: 353 | BT22: =IFERROR(BS22/BO22-1,"") -> 0.072948328 | BU22: 505150.38 | BV22: =BU22/BQ22-1 -> 0.036773855 | BW22: 359 | BX22: =BW22/BS22-1 -> 0.016997167 | BY22: 511786.85 | BZ22: =BY22/BU22-1 -> 0.01313761 | CA22: 346 | CB22: =CA22/BW22-1 -> -0.036211699 | CC22: 503994.19 | CD22: =CC22/BY22-1 -> -0.015226377 | CE22: 364 | CF22: =CE22/CA22-1 -> 0.052023121 | CG22: 485685.51 | CH22: =CG22/CC22-1 -> -0.036327155 | CI22: 415 | CJ22: =CI22/CE22-1 -> 0.14010989 | CK22: 490596.12 | CL22: =CK22/CG22-1 -> 0.010110664 | CM22: 459 | CN22: =CM22/CI22-1 -> 0.1060241 | CO22: 479180.01 | CP22: -0.02326987 | CQ22: 452 | CR22: -0.015250545 | CS22: 471781.75 | CT22: =IFERROR(CS22/CO22-1,"") -> -0.01543941 | CU22: 467 | CV22: =IFERROR(CU22/CQ22-1,"") -> 0.033185841 | CW22: 462849.3 | CX22: =IFERROR(CW22/CS22-1,"") -> -0.018933445 | CY22: 489 | CZ22: =IFERROR(CY22/CU22-1,"") -> 0.047109208 | DA22: 458374.2 | DB22: =IFERROR(DA22/CW22-1,"") -> -0.0096685939 | DC22: 490 | DD22: =IFERROR(DC22/CY22-1,"") -> 0.0020449898 | DE22: 453030.79 | DF22: =IFERROR(DE22/DA22-1,"") -> -0.011657305 | DG22: 478 | DH22: =IFERROR(DG22/DC22-1,"") -> -0.024489796 | DI22: 457319.3 | DJ22: =IFERROR(DI22/DE22-1,"") -> 0.0094662666 | DK22: 455 | DL22: =IFERROR(DK22/DG22-1,"") -> -0.048117155 | DM22: 446329.41 | DN22: =IFERROR(DM22/DI22-1,"") -> -0.024031114 | DO22: 468 | DP22: =IFERROR(DO22/DK22-1,"") -> 0.028571429 | DQ22: 454671.56 | DR22: =IFERROR(DQ22/DM22-1,"") -> 0.018690582 | DS22: 480 | DT22: =IFERROR(DS22/DO22-1,"") -> 0.025641026 | DU22: 449505.9 | DV22: =IFERROR(DU22/DQ22-1,"") -> -0.011361316 | DW22: 446 | DX22: =IFERROR(DW22/DS22-1,"") -> -0.070833333 | DY22: 453661.66 | DZ22: =IFERROR(DY22/DU22-1,"") -> 0.0092451924 | EA22: 451 | EB22: =IFERROR(EA22/DW22-1,"") -> 0.011210762 | EC22: 455231.03 | ED22: =IFERROR(EC22/DY22-1,"") -> 0.0034593253 | EE22: =IFERROR(VLOOKUP($A22,[1]Москва_продажа_районы!$C$2:$F$148,2,0),"") -> 428 | EF22: -0.050997783 | EG22: 469922.89 | EH22: =IFERROR(EG22/EC22-1,"") -> 0.032273413 | EI22: =IFERROR(VLOOKUP($A22,[2]Москва_продажа_районы!$C$2:$F$150,2,0),"") -> 414 | EJ22: -0.03271028 | EK22: 478023.17 | EL22: =IFERROR(EK22/EG22-1,"") -> 0.017237476 | EM22: 418 | EN22: =IFERROR(EM22/EI22-1,"") -> 0.0096618357 | EO22: 485593.46 | EP22: =IFERROR(EO22/EK22-1,"") -> 0.015836657 | EQ22: 407 | ER22: =IFERROR(EQ22/EM22-1,"") -> -0.026315789 | ES22: 502611.09 | ET22: =IFERROR(ES22/EO22-1,"") -> 0.035045009 | EU22: 375 | EV22: =IFERROR(EU22/EQ22-1,"") -> -0.078624079 | EW22: 503374.14 | EX22: =IFERROR(EW22/ES22-1,"") -> 0.0015181787 | EY22: 352 | EZ22: =IFERROR(EY22/EU22-1,"") -> -0.061333333 | FA22: 517258.54 | FB22: =IFERROR(FA22/EW22-1,"") -> 0.027582653 | FC22: 343 | FD22: =IFERROR(FC22/EY22-1,"") -> -0.025568182 | FE22: 519142.53 | FF22: =IFERROR(FE22/FA22-1,"") -> 0.0036422643 | FG22: 343 | FH22: =IFERROR(FG22/FC22-1,"") -> 0 | FI22: 520801.11 | FJ22: =IFERROR(FI22/FE22-1,"") -> 0.0031948493 | FK22: 356 | FL22: =IFERROR(FK22/FG22-1,"") -> 0.037900875 | FM22: 518606.94 | FN22: =IFERROR(FM22/FI22-1,"") -> -0.0042130673 | FO22: 358 | FP22: =IFERROR(FO22/FK22-1,"") -> 0.0056179775 | FQ22: 520168.76 | FR22: =IFERROR(FQ22/FM22-1,"") -> 0.0030115638 | FS22: 371 | FT22: =IFERROR(FS22/FO22-1,"") -> 0.036312849 | FU22: 521507.28 | FV22: =IFERROR(FU22/FQ22-1,"") -> 0.0025732556 | FW22: 346 | FX22: =IFERROR(FW22/FS22-1,"") -> -0.067385445 | FY22: 515810.79 | FZ22: =IFERROR(FY22/FU22-1,"") -> -0.01092313 | GA22: 374 | GB22: =IFERROR(GA22/FW22-1,"") -> 0.080924855 | GC22: 523023.06 | GD22: =IFERROR(GC22/FY22-1,"") -> 0.01398238 | GE22: 352 | GF22: =IFERROR(GE22/GA22-1,"") -> -0.058823529 | GG22: =IFERROR(VLOOKUP(A22,[3]Москва_продажа_районы!$C$2:$F$149,3,0),"") -> 515941.91 | GH22: -0.013538875 | GI22: 360 | GJ22: =IFERROR(GI22/GE22-1,"") -> 0.022727273 | GK22: 509950.9 | GL22: =IFERROR(GK22/GG22-1,"") -> -0.011611787 | GM22: 376 | GN22: =IFERROR(GM22/GI22-1,"") -> 0.044444444 | GO22: 519289.12 | GP22: =IFERROR(GO22/GK22-1,"") -> 0.018311981 | GQ22: 371.29 | GR22: =IFERROR(GQ22/GM22-1,"") -> -0.012526596 | GS22: 525321.32 | GT22: =GS22/GO22-1 -> 0.011616281 | GU22: 365 | GV22: =GU22/GQ22-1 -> -0.016940936 | GW22: 525578.39 | GX22: =GW22/GS22-1 -> 0.00048935849 | GY22: 329 | GZ22: =GY22/GU22-1 -> -0.098630137 | HA22: 531191.42 | HB22: 0.010679703 | HC22: 299 | HD22: -0.09118541 | HE22: 547718.73 | HF22: 0.031113665 | HG22: 310 | HH22: 0.036789298 | HI22: =VLOOKUP(A22,[4]Москва_продажа_районы!$C$4:$F$151,3,0) -> 553821.98 | HJ22: =HI22/HE22-1 -> 0.011143037 | HK22: =VLOOKUP(A22,[4]Москва_продажа_районы!$C$4:$F$151,2,0) -> 323 | HL22: =HK22/HG22-1 -> 0.041935484 | HM22: =VLOOKUP(A22,Лист3!$C$4:$F$149,3,0) -> 568132.92 | HN22: =HM22/HI22-1 -> 0.025840335 | HO22: =VLOOKUP(A22,Лист3!$C$4:$F$149,2,0) -> 348 | HP22: =HO22/HK22-1 -> 0.077399381 | HQ22: 571287.53 | HR22: 0.0055525904 | HS22: 355 | HT22: 0.020114943 | HU22: 618041.68 | HV22: 0.081839956 | HW22: 353 | HX22: -0.0056338028 | HY22: 573541.44 | HZ22: -0.072002003 | IA22: 343 | IB22: -0.028328612 | IC22: 614190.08 | ID22: 0.070873073 | IE22: 362 | IF22: 0.055393586
A23: Крылатское | B23: 267479.65 | C23: 350 | D23: 275772.57 | E23: 351 | F23: 388760 | G23: 237 | H23: 299008.26 | I23: 262 | J23: 286747.92 | K23: 315 | L23: 283293.26 | M23: 324 | N23: 289908.32 | O23: 318 | P23: 289267.19 | Q23: 299 | R23: 297908.6 | S23: 276 | T23: 311796.68 | U23: 237 | V23: 309886.88 | W23: 201 | X23: 309326.4 | Y23: 195 | Z23: 320363.03 | AA23: 208 | AB23: 327115.34 | AC23: 199 | AD23: 330465.41 | AE23: 189 | AF23: =AD23/X23-1 -> 0.068338861 | AG23: =AE23/$AJ$21 -> 0.042140468 | AH23: =$AK$20*AG23 -> 12.64214 | AI23: =AH23+AE23 -> 201.64214 | AL23: 330754.21 | AM23: 202 | AN23: =AM23/SUM($AM$21:$AM$33) -> 0.045200269 | AQ23: =$AP$21*AN23 -> 12.339673 | AR23: =AM23+AQ23 -> 214.33967 | AS23: 199 | AT23: 331758.59 | AU23: =AT23/AL23-1 -> 0.0030366372 | AV23: 213 | AW23: 332471.8 | AX23: 222 | AY23: 337567.25 | AZ23: 202 | BA23: 340676.38 | BB23: 204 | BC23: =BA23/AY23-1 -> 0.0092104116 | BD23: 243 | BE23: 346454.11 | BF23: =BE23/BA23-1 -> 0.01695958 | BG23: 239 | BH23: 347011.84 | BI23: =BH23/BE23-1 -> 0.0016098326 | BJ23: 249 | BK23: 358101.23 | BL23: =BK23/BH23-1 -> 0.031956788 | BM23: 365538.8 | BN23: =BM23/BK23-1 -> 0.020769461 | BO23: 202 | BP23: =BO23/BJ23-1 -> -0.18875502 | BQ23: 365541.96 | BR23: =IFERROR(BQ23/BM23-1,"") -> 8.6447285e-06 | BS23: 220 | BT23: =IFERROR(BS23/BO23-1,"") -> 0.089108911 | BU23: 380742.27 | BV23: =BU23/BQ23-1 -> 0.041582941 | BW23: 218 | BX23: =BW23/BS23-1 -> -0.0090909091 | BY23: 387753.62 | BZ23: =BY23/BU23-1 -> 0.018414947 | CA23: 184 | CB23: =CA23/BW23-1 -> -0.1559633 | CC23: 383340.54 | CD23: =CC23/BY23-1 -> -0.011381141 | CE23: 192 | CF23: =CE23/CA23-1 -> 0.043478261 | CG23: 365814.63 | CH23: =CG23/CC23-1 -> -0.045718904 | CI23: 244 | CJ23: =CI23/CE23-1 -> 0.27083333 | CK23: 356994.64 | CL23: =CK23/CG23-1 -> -0.02411053 | CM23: 245 | CN23: =CM23/CI23-1 -> 0.0040983607 | CO23: 355093.38 | CP23: -0.0053257497 | CQ23: 265 | CR23: 0.081632653 | CS23: 347882.78 | CT23: =IFERROR(CS23/CO23-1,"") -> -0.020306213 | CU23: 269 | CV23: =IFERROR(CU23/CQ23-1,"") -> 0.01509434 | CW23: 342840.91 | CX23: =IFERROR(CW23/CS23-1,"") -> -0.014493019 | CY23: 279 | CZ23: =IFERROR(CY23/CU23-1,"") -> 0.037174721 | DA23: 334332.46 | DB23: =IFERROR(DA23/CW23-1,"") -> -0.024817469 | DC23: 275 | DD23: =IFERROR(DC23/CY23-1,"") -> -0.014336918 | DE23: 335094.5 | DF23: =IFERROR(DE23/DA23-1,"") -> 0.0022792748 | DG23: 264 | DH23: =IFERROR(DG23/DC23-1,"") -> -0.04 | DI23: 334762.77 | DJ23: =IFERROR(DI23/DE23-1,"") -> -0.0009899405 | DK23: 255 | DL23: =IFERROR(DK23/DG23-1,"") -> -0.034090909 | DM23: 330045.55 | DN23: =IFERROR(DM23/DI23-1,"") -> -0.014091236 | DO23: 268 | DP23: =IFERROR(DO23/DK23-1,"") -> 0.050980392 | DQ23: 327594.62 | DR23: =IFERROR(DQ23/DM23-1,"") -> -0.0074260345 | DS23: 268 | DT23: =IFERROR(DS23/DO23-1,"") -> 0 | DU23: 328948.99 | DV23: =IFERROR(DU23/DQ23-1,"") -> 0.0041342869 | DW23: 242 | DX23: =IFERROR(DW23/DS23-1,"") -> -0.097014925 | DY23: 333842.83 | DZ23: =IFERROR(DY23/DU23-1,"") -> 0.014877205 | EA23: 234 | EB23: =IFERROR(EA23/DW23-1,"") -> -0.033057851 | EC23: 339988.84 | ED23: =IFERROR(EC23/DY23-1,"") -> 0.018409878 | EE23: =IFERROR(VLOOKUP($A23,[1]Москва_продажа_районы!$C$2:$F$148,2,0),"") -> 224 | EF23: -0.042735043 | EG23: 339483.05 | EH23: =IFERROR(EG23/EC23-1,"") -> -0.0014876759 | EI23: =IFERROR(VLOOKUP($A23,[2]Москва_продажа_районы!$C$2:$F$150,2,0),"") -> 213 | EJ23: -0.049107143 | EK23: 348954.56 | EL23: =IFERROR(EK23/EG23-1,"") -> 0.027899821 | EM23: 192 | EN23: =IFERROR(EM23/EI23-1,"") -> -0.098591549 | EO23: 353480.13 | EP23: =IFERROR(EO23/EK23-1,"") -> 0.012968926 | EQ23: 202 | ER23: =IFERROR(EQ23/EM23-1,"") -> 0.052083333 | ES23: 359281.53 | ET23: =IFERROR(ES23/EO23-1,"") -> 0.016412246 | EU23: 203 | EV23: =IFERROR(EU23/EQ23-1,"") -> 0.004950495 | EW23: 360959.48 | EX23: =IFERROR(EW23/ES23-1,"") -> 0.0046702832 | EY23: 207 | EZ23: =IFERROR(EY23/EU23-1,"") -> 0.019704433 | FA23: 364224.12 | FB23: =IFERROR(FA23/EW23-1,"") -> 0.0090443447 | FC23: 178 | FD23: =IFERROR(FC23/EY23-1,"") -> -0.14009662 | FE23: 361999.68 | FF23: =IFERROR(FE23/FA23-1,"") -> -0.0061073482 | FG23: 191 | FH23: =IFERROR(FG23/FC23-1,"") -> 0.073033708 | FI23: 366169.75 | FJ23: =IFERROR(FI23/FE23-1,"") -> 0.011519559 | FK23: 205 | FL23: =IFERROR(FK23/FG23-1,"") -> 0.073298429 | FM23: 362663.71 | FN23: =IFERROR(FM23/FI23-1,"") -> -0.009574917 | FO23: 205 | FP23: =IFERROR(FO23/FK23-1,"") -> 0 | FQ23: 363484.93 | FR23: =IFERROR(FQ23/FM23-1,"") -> 0.0022644131 | FS23: 195 | FT23: =IFERROR(FS23/FO23-1,"") -> -0.048780488 | FU23: 365808.87 | FV23: =IFERROR(FU23/FQ23-1,"") -> 0.0063934994 | FW23: 193 | FX23: =IFERROR(FW23/FS23-1,"") -> -0.01025641 | FY23: 367988.1 | FZ23: =IFERROR(FY23/FU23-1,"") -> 0.0059572912 | GA23: 202 | GB23: =IFERROR(GA23/FW23-1,"") -> 0.046632124 | GC23: 363905.14 | GD23: =IFERROR(GC23/FY23-1,"") -> -0.011095369 | GE23: 207 | GF23: =IFERROR(GE23/GA23-1,"") -> 0.024752475 | GG23: =IFERROR(VLOOKUP(A23,[3]Москва_продажа_районы!$C$2:$F$149,3,0),"") -> 370122.77 | GH23: 0.017085876 | GI23: 211 | GJ23: =IFERROR(GI23/GE23-1,"") -> 0.019323671 | GK23: 367133.35 | GL23: =IFERROR(GK23/GG23-1,"") -> -0.0080768562 | GM23: 216 | GN23: =IFERROR(GM23/GI23-1,"") -> 0.023696682 | GO23: 373139.39 | GP23: =IFERROR(GO23/GK23-1,"") -> 0.016359292 | GQ23: 210.79 | GR23: =IFERROR(GQ23/GM23-1,"") -> -0.02412037 | GS23: 364539.77 | GT23: =GS23/GO23-1 -> -0.023046667 | GU23: 230 | GV23: =GU23/GQ23-1 -> 0.091133355 | GW23: 366343.56 | GX23: =GW23/GS23-1 -> 0.0049481475 | GY23: 215 | GZ23: =GY23/GU23-1 -> -0.065217391 | HA23: 376861.05 | HB23: 0.028709359 | HC23: 186 | HD23: -0.13488372 | HE23: 373858.59 | HF23: -0.0079670421 | HG23: 197 | HH23: 0.059139785 | HI23: =VLOOKUP(A23,[4]Москва_продажа_районы!$C$4:$F$151,3,0) -> 372798.77 | HJ23: =HI23/HE23-1 -> -0.0028347948 | HK23: =VLOOKUP(A23,[4]Москва_продажа_районы!$C$4:$F$151,2,0) -> 201 | HL23: =HK23/HG23-1 -> 0.020304569 | HM23: =VLOOKUP(A23,Лист3!$C$4:$F$149,3,0) -> 382503.82 | HN23: =HM23/HI23-1 -> 0.026032926 | HO23: =VLOOKUP(A23,Лист3!$C$4:$F$149,2,0) -> 202 | HP23: =HO23/HK23-1 -> 0.0049751244 | HQ23: 380632.15 | HR23: -0.0048931868 | HS23: 204 | HT23: 0.0099009901 | HU23: 380118.86 | HV23: -0.0013485332 | HW23: 187 | HX23: -0.083333333 | HY23: 384374.72 | HZ23: 0.011196137 | IA23: 192 | IB23: 0.026737968 | IC23: 394071.86 | ID23: 0.025228355 | IE23: 189 | IF23: -0.015625
